Town,Per capita income,Location,Lat,Lon,County
"Mantoloking, Ocean County, New Jersey","$114,017 ","Mantoloking, Ocean County, New Jersey, USA",40.0393597,-74.0505306,Ocean County
"Saddle River, Bergen County, New Jersey","$85,934 ","Saddle River, Bergen County, New Jersey, United States of America",41.0317637,-74.1020866,Bergen County
"Far Hills, Somerset County, New Jersey","$81,535 ","Far Hills, Somerset County, New Jersey, USA",40.684268,-74.6357148,Somerset County
"Essex Fells, Essex County, New Jersey","$77,434 ","Essex Fells, Essex County, New Jersey, 07021, USA",40.8245442,-74.2845925,Essex County
"Alpine, Bergen County, New Jersey","$76,995 ","Alpine, Bergen County, New Jersey, 07620, USA",40.94855,-73.9281139,Bergen County
"Millburn, Essex County, New Jersey","$76,796 ","Millburn, Essex County, New Jersey, USA",40.7244443,-74.3069069,Essex County
"Rumson, Monmouth County, New Jersey","$73,692 ","Rumson, Monmouth County, New Jersey, USA",40.372054,-73.9990269,Monmouth County
"Harding Township, Morris County, New Jersey","$72,689 ","Harding Township, Morris County, New Jersey, 07976, USA",40.743647,-74.50209229,Morris County
"Teterboro, Bergen County, New Jersey","$72,613 ","Teterboro, Bergen County, New Jersey, 07608, USA",40.8598219,-74.0593075,Bergen County
"Bernardsville, Somerset County, New Jersey","$69,854 ","Bernardsville, Somerset County, New Jersey, 07924, USA",40.7186805,-74.5692273,Somerset County
"Chatham Township, Morris County, New Jersey","$65,497 ","Chatham Township, Morris County, New Jersey, USA",40.73012395,-74.42511146,Morris County
"Tewksbury Township, Hunterdon County, New Jersey","$65,470 ","Tewksbury Township, Hunterdon County, New Jersey, USA",40.68446,-74.77872997,Hunterdon County
"Mountain Lakes, Morris County, New Jersey","$65,086 ","Mountain Lakes, Morris County, New Jersey, 07046, USA",40.8948212,-74.4329314,Morris County
"Sea Girt, Monmouth County, New Jersey","$63,871 ","Sea Girt, Monmouth County, New Jersey, 08750, USA",40.1320592,-74.0345813,Monmouth County
"Ho-Ho-Kus, Bergen County, New Jersey","$63,594 ","Ho-Ho-Kus, Bergen County, New Jersey, United States of America",40.9976524,-74.110284,Bergen County
"Summit, Union County, New Jersey","$62,598 ","Summit, Union County, New Jersey, USA",40.7182356,-74.3592296,Union County
"Mendham Township, Morris County, New Jersey","$61,460 ","Mendham Township, Morris County, New Jersey, USA",40.77872315,-74.56430241,Morris County
"Franklin Lakes, Bergen County, New Jersey","$59,763 ","Franklin Lakes, Bergen County, New Jersey, 07417, USA",41.0167639,-74.2057012,Bergen County
"Spring Lake, Monmouth County, New Jersey","$59,445 ","Spring Lake, Monmouth County, New Jersey, USA",40.1535132,-74.0293941,Monmouth County
"Watchung, Somerset County, New Jersey","$58,653 ","Watchung, Somerset County, New Jersey, 07069, United States of America",40.6378801,-74.4509863,Somerset County
"Millstone Township, Monmouth County, New Jersey","$58,285 ","Millstone Township, Monmouth County, New Jersey, USA",40.2023684,-74.4079671,Monmouth County
"Upper Saddle River, Bergen County, New Jersey","$57,239 ","Upper Saddle River, Bergen County, New Jersey, 07458, USA",41.0584299,-74.0984756,Bergen County
"Peapack-Gladstone, Somerset County, New Jersey","$56,542 ","Peapack-Gladstone, Somerset County, New Jersey, USA",40.717783,-74.65885196,Somerset County
"Bernards Township, Somerset County, New Jersey","$56,521 ","Bernards Township, Somerset County, New Jersey, USA",40.676207,-74.56335485,Somerset County
"Princeton Township, Mercer County, New Jersey","$56,360 ","Princeton, Alexander Street, Princeton, Mercer County, New Jersey, 08540, USA",40.34209645,-74.65902005,Mercer County
"Chester Township, Morris County, New Jersey","$55,353 ","Chester Township, Morris County, New Jersey, USA",40.78028655,-74.66720906,Morris County
"Diamond Beach, Cape May County, New Jersey","$54,883 ","Diamond Beach, Cape May County, New Jersey, 08260, USA",38.9595572,-74.8523914,Cape May County
"Morris Township, Morris County, New Jersey","$54,782 ","Morris Township, Morris County, New Jersey, USA",40.798799,-74.52084688,Morris County
"Bedminster Township, Somerset County, New Jersey","$53,549 ","Bedminster Township, Somerset County, New Jersey, USA",40.672849,-74.67769577,Somerset County
"Woodcliff Lake, Bergen County, New Jersey","$53,461 ","Woodcliff Lake, Bergen County, New Jersey, 07677, USA",41.0234304,-74.0665297,Bergen County
"Tenafly, Bergen County, New Jersey","$53,170 ","Tenafly, Bergen County, New Jersey, 07670, USA",40.9253766,-73.9629154,Bergen County
"Chatham, Morris County, New Jersey","$53,027 ","Chatham, Morris County, New Jersey, USA",40.7409242,-74.3836711,Morris County
"Monmouth Beach, Monmouth County, New Jersey","$52,862 ","Monmouth Beach, Monmouth County, New Jersey, 07750, USA",40.3303883,-73.9815262,Monmouth County
"Cape May Point, Cape May County, New Jersey","$52,689 ","Cape May Point, Cape May County, New Jersey, 08212, USA",38.9342875,-74.96988753,Cape May County
"Strathmere, Cape May County, New Jersey","$52,045 ","Strathmere, Cape May County, New Jersey, 08248, USA",39.1956704,-74.6579371,Cape May County
"Demarest, Bergen County, New Jersey","$51,939 ","Demarest, Bergen County, New Jersey, 07627, USA",40.9573205,-73.9634708,Bergen County
"Ridgewood, Bergen County, New Jersey","$51,658 ","Ridgewood, Bergen County, New Jersey, 07450, United States of America",40.9796683,-74.1194403,Bergen County
"Cranbury, Middlesex County, New Jersey","$51,095 ","Cranbury, Middlesex County, New Jersey, 08512, USA",40.3162195,-74.5137645,Middlesex County
"Longport, Atlantic County, New Jersey","$50,884 ","Longport, Atlantic County, New Jersey, 08403, USA",39.3142827,-74.5248756,Atlantic County
"Cranbury Township, Middlesex County, New Jersey","$50,698 ","Cranbury Township, Middlesex County, New Jersey, 08512, USA",40.30733165,-74.52712727,Middlesex County
"Avalon, Cape May County, New Jersey","$50,016 ","Avalon, Cape May County, New Jersey, 08202, USA",39.101225,-74.7176622,Cape May County
"Bay Head, Ocean County, New Jersey","$49,639 ","Bay Head, Ocean County, New Jersey, NJ 08742, USA",40.0717828,-74.0543036,Ocean County
"Warren Township, Somerset County, New Jersey","$49,475 ","Warren Township, Somerset County, New Jersey, USA",40.6306575,-74.52266908,Somerset County
"Wyckoff, Bergen County, New Jersey","$49,375 ","Wyckoff, Bergen County, New Jersey, USA",41.0095417,-74.1729222,Bergen County
"Rockleigh, Bergen County, New Jersey","$48,935 ","Rockleigh, Bergen County, New Jersey, USA",41.0003754,-73.9304141,Bergen County
"Montgomery Township, Somerset County, New Jersey","$48,699 ","Montgomery Township, Somerset County, New Jersey, USA",40.423478,-74.68626033,Somerset County
"Mendham, Morris County, New Jersey","$48,629 ","Mendham, Morris County, New Jersey, 07945, USA",40.7759334,-74.6007142,Morris County
"West Windsor Township, Mercer County, New Jersey","$48,511 ","West Windsor Township, Mercer County, New Jersey, 08550, USA",40.296321,-74.62610307,Mercer County
"Glen Ridge, Essex County, New Jersey","$48,456 ","Glen Ridge, Essex County, New Jersey, 07028, USA",40.805378,-74.2037566,Essex County
"Old Tappan, Bergen County, New Jersey","$48,367 ","Old Tappan, Bergen County, New Jersey, USA",41.0106971,-73.9911073,Bergen County
"Rocky Hill, Somerset County, New Jersey","$48,357 ","Rocky Hill, Somerset County, New Jersey, 08553, USA",40.3998283,-74.6343244,Somerset County
"North Caldwell, Essex County, New Jersey","$48,249 ","North Caldwell, Essex County, New Jersey, USA",40.8648215,-74.2582027,Essex County
"Holmdel Township, Monmouth County, New Jersey","$47,898 ","Holmdel Township, Monmouth County, New Jersey, 07733, USA",40.375658,-74.17592969,Monmouth County
"Allendale, Bergen County, New Jersey","$47,772 ","Allendale, Bergen County, New Jersey, USA",41.0414858,-74.129032,Bergen County
"Mountainside, Union County, New Jersey","$47,474 ","Mountainside, Union County, New Jersey, 07092, USA",40.6723242,-74.3573722,Union County
"Interlaken, Monmouth County, New Jersey","$47,218 ","Interlaken, Monmouth County, New Jersey, 07711, USA",40.2334459,-74.015693,Monmouth County
"Livingston, Essex County, New Jersey","$47,218 ","Livingston, Essex County, New Jersey, 07039, USA",40.7959335,-74.3148713,Essex County
"Westfield, Union County, New Jersey","$47,187 ","Westfield, Union County, New Jersey, 07090, USA",40.6589912,-74.3473717,Union County
"Little Silver, Monmouth County, New Jersey","$46,798 ","Little Silver, Monmouth County, New Jersey, 07739, USA",40.3367769,-74.0470837,Monmouth County
"Colts Neck Township, Monmouth County, New Jersey","$46,795 ","Colts Neck Township, Monmouth County, New Jersey, 07722, USA",40.2971915,-74.16597305,Monmouth County
"Stone Harbor, Cape May County, New Jersey","$46,427 ","Stone Harbor, Cape May County, New Jersey, 08247, USA",39.0509468,-74.7579418,Cape May County
"Pennington, Mercer County, New Jersey","$45,843 ","Pennington, Mercer County, New Jersey, USA",40.3284403,-74.790718,Mercer County
"Allamuchy-Panther Valley, Warren County, New Jersey","$45,829 ","Allamuchy-Panther Valley, I 80, Long Bridge, Warren County, New Jersey, 07820, USA",40.916737,-74.82567366,Warren County
"Kinnelon, Morris County, New Jersey","$45,796 ","Kinnelon, Morris County, New Jersey, USA",41.0017644,-74.367096,Morris County
"Haworth, Bergen County, New Jersey","$45,615 ","Haworth, Bergen County, New Jersey, 07641, USA",40.9609315,-73.9901383,Bergen County
"Montvale, Bergen County, New Jersey","$45,448 ","Montvale, Bergen County, New Jersey, 07645, USA",41.0467635,-74.0229173,Bergen County
"Glen Rock, Bergen County, New Jersey","$45,091 ","Glen Rock, Bergen County, New Jersey, 07452, USA",40.9628758,-74.1329208,Bergen County
"Sea Bright, Monmouth County, New Jersey","$45,066 ","Sea Bright, Monmouth County, New Jersey, NJ 07086, USA",40.3615488,-73.9742051,Monmouth County
"Boonton Township, Morris County, New Jersey","$45,014 ","Boonton Township, Morris County, New Jersey, USA",40.9304681,-74.42844513,Morris County
"Montclair, Essex County, New Jersey","$44,870 ","Montclair, Essex County, New Jersey, USA",40.8259332,-74.2090344,Essex County
"Mahwah, Bergen County, New Jersey","$44,709 ","Mahwah, Bergen County, New Jersey, USA",41.0887072,-74.1437552,Bergen County
"Princeton Junction, Mercer County, New Jersey","$44,113 ","Princeton Junction, Mercer County, New Jersey, 08537, USA",40.3173301,-74.6198791,Mercer County
"Fair Haven, Monmouth County, New Jersey","$44,018 ","Fair Haven, Monmouth County, New Jersey, 07704, USA",40.3606653,-74.0381947,Monmouth County
"Berkeley Heights, Union County, New Jersey","$43,981 ","Berkeley Heights, Union County, New Jersey, 07922, USA",40.6834349,-74.442653,Union County
"Hopewell Township, Mercer County, New Jersey","$43,947 ","Hopewell Township, Mercer County, New Jersey, USA",40.3500375,-74.79073718,Mercer County
"Princeton North, Mercer County, New Jersey","$43,903 ","Princeton North, Pauline Drive, Princeton, Mercer County, New Jersey, 08542, USA",40.36263005,-74.64740725,Mercer County
"Springdale, Camden County, New Jersey","$43,752 ","Springdale, Cardinal Lane, Cherry Hill Township, Camden County, New Jersey, 08003, USA",39.879944,-74.97355371,Camden County
"Allamuchy Township, Warren County, New Jersey","$43,552 ","Allamuchy, Warren County, New Jersey, 07820, USA",40.921765,-74.8101665,Warren County
"Montville, Morris County, New Jersey","$43,341 ","Montville, Morris County, New Jersey, 07045, USA",40.9148209,-74.383763,Morris County
"Hoboken, Hudson County, New Jersey","$43,195 ","Hoboken, Hudson County, New Jersey, USA",40.7433066,-74.0323752,Hudson County
"Haddonfield, Camden County, New Jersey","$43,170 ","Haddonfield, Camden County, New Jersey, USA",39.8915022,-75.0376707,Camden County
"Randolph, Morris County, New Jersey","$43,072 ","Randolph Township, Morris County, New Jersey, USA",40.844265,-74.58572175,Morris County
"New Providence, Union County, New Jersey","$42,995 ","New Providence, Union County, New Jersey, 07974, USA",40.6984348,-74.4015405,Union County
"Allenhurst, Monmouth County, New Jersey","$42,710 ","Allenhurst, Monmouth County, New Jersey, USA",40.2362237,-74.0006926,Monmouth County
"Edgewater, Bergen County, New Jersey","$42,650 ","Edgewater, Bergen County, New Jersey, 07020, USA",40.8270448,-73.975694,Bergen County
"Long Hill Township, Morris County, New Jersey","$42,613 ","Long Hill Township, Morris County, New Jersey, USA",40.683393,-74.49043038,Morris County
"Chester, Morris County, New Jersey","$42,564 ","Chester, Morris County, New Jersey, USA",40.7842667,-74.6968284,Morris County
"Moorestown Township, Burlington County, New Jersey","$42,154 ","Moorestown Township, Burlington County, New Jersey, 08057, USA",39.975536,-74.95287135,Burlington County
"Florham Park, Morris County, New Jersey","$42,133 ","Florham Park, Morris County, New Jersey, 07932, USA",40.787878,-74.3882072,Morris County
"Ramsey, Bergen County, New Jersey","$41,964 ","Ramsey, Bergen County, New Jersey, USA",41.0573188,-74.1409771,Bergen County
"Paramus, Bergen County, New Jersey","$41,913 ","Paramus, Bergen County, New Jersey, USA",40.9452911,-74.0735899,Bergen County
"Cresskill, Bergen County, New Jersey","$41,573 ","Cresskill, Bergen County, New Jersey, 07626, USA",40.9414874,-73.9593041,Bergen County
"Roseland, Essex County, New Jersey","$41,415 ","Roseland, Essex County, New Jersey, 07068, USA",40.8206555,-74.2937595,Essex County
"Branchburg Township, Somerset County, New Jersey","$41,241 ","Branchburg Township, Somerset County, New Jersey, 08853, USA",40.5688245,-74.70027389,Somerset County
"Avon-by-the-Sea, Monmouth County, New Jersey","$41,238 ","Avon-by-the-Sea, Monmouth County, New Jersey, 07717, USA",40.1923357,-74.0159703,Monmouth County
"Verona, Essex County, New Jersey","$41,202 ","Verona, Essex County, New Jersey, 07044, USA",40.829822,-74.2401466,Essex County
"South Orange, Essex County, New Jersey","$41,035 ","South Orange, Essex County, New Jersey, USA",40.7474966,-74.2635376,Essex County
"Readington, Hunterdon County, New Jersey","$41,000 ","Readington, Hunterdon County, New Jersey, 08853, USA",40.5687141,-74.7376619,Hunterdon County
"River Vale, Bergen County, New Jersey","$40,709 ","River Vale, Bergen County, New Jersey, 07675, USA",40.9953754,-74.0120832,Bergen County
"Heathcote, Middlesex County, New Jersey","$40,641 ","Heathcote, Middlesex County, New Jersey, 08852, USA",40.3887176,-74.5757113,Middlesex County
"Whittingham, Middlesex County, New Jersey","$40,447 ","Whittingham, Perrineville Road, Monroe Township, Middlesex County, New Jersey, 08831, USA",40.330463,-74.44537937,Middlesex County
"Park Ridge, New Jersey","$40,351 ","Park Ridge, Bergen County, New Jersey, 07656, USA",41.0375969,-74.0406956,Bergen County
"Allenwood, New Jersey","$40,148 ","Allenwood, Monmouth County, New Jersey, 08720, USA",40.1415033,-74.0998616,Monmouth County
"Norwood, New Jersey","$40,039 ","Norwood, Bergen County, New Jersey, USA",40.9981532,-73.9618039,Bergen County
"Scotch Plains, New Jersey","$39,913 ","Scotch Plains, Union County, New Jersey, USA",40.65538,-74.3898732,Union County
"Morganville, New Jersey","$39,802 ","Morganville, Park Lane, Triangle Hills, Marlboro Township, Monmouth County, New Jersey, 07726, USA",40.3410515,-74.2970515,Monmouth County
"Franklin Township, Hunterdon County, New Jersey","$39,668 ","Franklin Township, Hunterdon County, New Jersey, USA",40.567858,-74.9311225,Hunterdon County
"Bridgewater Township, New Jersey","$39,555 ","Bridgewater Township, Somerset County, New Jersey, USA",40.596061,-74.60386079,Somerset County
"Oradell, New Jersey","$39,520 ","Oradell, Bergen County, New Jersey, 07649, USA",40.954368,-74.0310422,Bergen County
"Beach Haven West, New Jersey","$39,273 ","Beach Haven West, Cranmer Drive, Colony Lakes, Stafford Township, Ocean County, New Jersey, 08050, USA",39.6703195,-74.23254125,Ocean County
"Township of Washington, Bergen County, New Jersey","$39,248 ","Township of Washington, Bergen County, New Jersey, 07676, USA",40.9884843,-74.0652437,Bergen County
"Harrington Park, New Jersey","$39,017 ","Harrington Park, Bergen County, New Jersey, 07640, USA",40.9837089,-73.9798601,Bergen County
"Plainsboro Township, New Jersey","$38,982 ","Plainsboro Township, Middlesex County, New Jersey, USA",40.3329935,-74.58525123,Middlesex County
"Raritan Township, New Jersey","$38,919 ","Raritan Township, Hunterdon County, New Jersey, 08822, USA",40.510522,-74.89952004,Hunterdon County
"Medford Township, New Jersey","$38,641 ","Medford Township, Burlington County, New Jersey, 08055, USA",39.86067,-74.83991874,Burlington County
"Marlboro Township, New Jersey","$38,635 ","Marlboro Township, Monmouth County, New Jersey, USA",40.3365685,-74.26999678,Monmouth County
"Whitehouse Station, New Jersey","$38,627 ","Whitehouse Station, Hunterdon County, New Jersey, 08889, USA",40.61538,-74.7704409,Hunterdon County
"Denville Township, New Jersey","$38,607 ","Denville Public Library, 121, Diamond Spring Road, Denville, Morris County, New Jersey, 07834, USA",40.8965247,-74.47343785,Morris County
"Deal, New Jersey","$38,510 ","Deal, Monmouth County, New Jersey, 07723, USA",40.243168,-74.0006927,Monmouth County
"Madison, New Jersey","$38,416 ","Madison, Morris County, New Jersey, USA",40.7598227,-74.417097,Morris County
"Hopewell, New Jersey","$38,413 ","Hopewell, Mercer County, New Jersey, USA",40.3892726,-74.7618285,Mercer County
"West Caldwell, New Jersey","$38,345 ","West Caldwell, Essex County, New Jersey, USA",40.8409329,-74.3018154,Essex County
"Delaware Township, New Jersey","$38,285 ","Delaware Township, Hunterdon County, New Jersey, USA",40.4482545,-74.94148642,Hunterdon County
"Shrewsbury, New Jersey","$38,218 ","Shrewsbury, Monmouth County, New Jersey, USA",40.3295547,-74.0615285,Monmouth County
"Lawrenceville, New Jersey","$37,919 ","Lawrenceville, Overlook Way, Lawrence Township, Mercer County, New Jersey, 08648, USA",40.30098765,-74.73737283,Mercer County
"Lincroft, New Jersey","$37,910 ","Lincroft, Monmouth County, New Jersey, 07738, USA",40.3306656,-74.1209748,Monmouth County
"Fort Lee, New Jersey","$37,899 ","Fort Lee, Bergen County, New Jersey, USA",40.8509333,-73.9701382,Bergen County
"Hanover Township, New Jersey","$37,708 ","Hanover Township, Morris County, New Jersey, USA",40.81817135,-74.43171616,Morris County
"Washington Township, Morris County, New Jersey","$37,489 ","Washington Township, Morris County, New Jersey, USA",40.78489145,-74.80733627,Morris County
"Clinton, New Jersey","$37,463 ","Clinton, Hunterdon County, New Jersey, 08809, USA",40.6362878,-74.9116603,Hunterdon County
"Green Brook Township, New Jersey","$37,290 ","Green Brook Township, Somerset County, New Jersey, 08812, USA",40.6074445,-74.47920014,Somerset County
"Millstone Township, New Jersey","$37,285 ","Millstone Township, Monmouth County, New Jersey, USA",40.2023684,-74.4079671,Monmouth County
"Clinton Township, New Jersey","$37,264 ","Clinton Township, Hunterdon County, New Jersey, USA",40.63378,-74.8503141,Hunterdon County
"East Amwell Township, New Jersey","$37,187 ","East Amwell Township, Hunterdon County, New Jersey, 08551, USA",40.434946,-74.83010115,Hunterdon County
"Closter, New Jersey","$37,065 ","Closter, Bergen County, New Jersey, 07624, USA",40.9731536,-73.9615262,Bergen County
"Concordia, New Jersey","$36,962 ","Concordia, Middlesex County, New Jersey, 08831, USA",40.3109422,-74.4482068,Middlesex County
"Sparta Township, New Jersey","$36,910 ","Sparta, Sussex County, New Jersey, 07871, USA",41.0401567,-74.6310081,Sussex County
"Maplewood, New Jersey","$36,794 ","Maplewood, Essex County, New Jersey, 07040, USA",40.7312123,-74.2734808,Essex County
"Harvey Cedars, New Jersey","$36,757 ","Harvey Cedars, Ocean County, New Jersey, USA",39.706231,-74.1340253,Ocean County
"Springfield Township, Union County, New Jersey","$36,754 ","Springfield, Union County, New Jersey, 07081, USA",40.698551,-74.33284776,Union County
"Metuchen, New Jersey","$36,749 ","Metuchen, Middlesex County, New Jersey, USA",40.5431598,-74.3632049,Middlesex County
"Long Valley, New Jersey","$36,711 ","Long Valley, Morris County, New Jersey, 07853, USA",40.7859331,-74.7801645,Morris County
"Princeton Meadows, New Jersey","$36,654 ","Princeton Meadows, Middlesex County, New Jersey, 08536, USA",40.3317745,-74.5637662,Middlesex County
"Cedar Grove, New Jersey","$36,558 ","Cedar Grove, Essex County, New Jersey, 07009, USA",40.8517662,-74.229035,Essex County
"Plainsboro Center, New Jersey","$36,555 ","Plainsboro Center, Middlesex County, New Jersey, 08536, USA",40.3317744,-74.5946006,Middlesex County
"Morris Plains, New Jersey","$36,553 ","Morris Plains, Morris County, New Jersey, 07950, USA",40.8364845,-74.47818854,Morris County
"Lambertville, New Jersey","$36,267 ","Lambertville, Hunterdon County, New Jersey, 08530:18938, USA",40.3659394,-74.9429448,Hunterdon County
"Audubon Park, New Jersey","$36,250 ","Audubon Park, Camden County, New Jersey, USA",39.8965021,-75.0876736,Camden County
"Brielle, New Jersey","$35,785 ","Brielle, Monmouth County, New Jersey, USA",40.1078931,-74.0565263,Monmouth County
"Robbinsville Township, New Jersey","$35,529 ","Robbinsville Township, Mercer County, New Jersey, USA",40.22382525,-74.58928429,Mercer County
"Leonia, New Jersey","$35,352 ","Leonia, Bergen County, New Jersey, 07605, USA",40.8617353,-73.9880495,Bergen County
"Wayne Township, New Jersey","$35,349 ","Wayne Animal Shelter, 201, Pompton Plains Crossroad, Wayne, Passaic County, New Jersey, 07470, USA",40.9687925,-74.28029554,Passaic County
"Bethlehem Township, New Jersey","$35,298 ","Bethlehem Township, Hunterdon County, New Jersey, USA",40.66859885,-75.01027786,Hunterdon County
"Englewood, New Jersey","$35,275 ","Englewood, Bergen County, New Jersey, 07361, USA",40.8928771,-73.9726381,Bergen County
"Oakland, New Jersey","$35,252 ","Oakland, Bergen County, New Jersey, 07436, USA",41.0220483,-74.2430988,Bergen County
"Monmouth Junction, New Jersey","$35,134 ","Monmouth Junction, Middlesex County, New Jersey, 08852, USA",40.3789957,-74.5465436,Middlesex County
"East Freehold, New Jersey","$35,119 ","East Freehold, Monmouth County, New Jersey, 07728-1406, USA",40.2809439,-74.2512566,Monmouth County
"Spring Lake Heights, New Jersey","$35,093 ","Spring Lake Heights, Monmouth County, New Jersey, 07762, USA",40.1532197,-74.0438803,Monmouth County
"Fanwood, New Jersey","$34,804 ","Fanwood, Union County, New Jersey, USA",40.6409041,-74.3836416,Union County
"Atlantic Highlands, New Jersey","$34,798 ","Atlantic Highlands, Monmouth County, New Jersey, 07716, USA",40.4078865,-74.034306,Monmouth County
"Hillsdale, New Jersey","$34,651 ","Hillsdale, Bergen County, New Jersey, USA",41.0025975,-74.0404175,Bergen County
"Caldwell, New Jersey","$34,630 ","Caldwell, Essex County, New Jersey, 07007, USA",40.8398218,-74.2765366,Essex County
"Alexandria Township, New Jersey","$34,622 ","Alexandria Township, Hunterdon County, New Jersey, 08867, USA",40.591754,-75.01350455,Hunterdon County
"Barnegat Light, New Jersey","$34,599 ","Barnegat Light, Ocean County, New Jersey, 08006, USA",39.7576202,-74.1062466,Ocean County
"Kingston, New Jersey","$34,457 ","Kingston, New Jersey, 08528, USA",40.3753844,-74.6134903,Essex County
"West Orange, New Jersey","$34,412 ","West Orange, Essex County, New Jersey, USA",40.7987113,-74.2390353,Essex County
"Greentree, New Jersey","$34,371 ","Greentree, Camden County, New Jersey, 08003-1813, USA",39.8970579,-74.9557226,Camden County
"Moorestown-Lenola, New Jersey","$34,311 ","Moorestown-Lenola, East Main Street, Moorestown Township, Burlington County, New Jersey, 08057, USA",39.9615945,-74.96112094,Burlington County
"Middletown Township, New Jersey","$34,196 ","Middletown Township, Monmouth County, New Jersey, USA",40.4010465,-74.06700834,Monmouth County
"Green Township, New Jersey","$34,127 ","Green, Woodland Township, Burlington County, New Jersey, 08019, USA",39.7949114,-74.5565491,Burlington County
"Wenonah, New Jersey","$34,116 ","Wenonah, Gloucester County, New Jersey, 08090, USA",39.7946263,-75.148766,Gloucester County
"Lebanon, New Jersey","$34,066 ","Lebanon, Hunterdon County, New Jersey, USA",40.6417683,-74.8359987,Hunterdon County
"Loch Arbour, New Jersey","$34,037 ","Loch Arbour, Monmouth County, New Jersey, USA",40.2328904,-74.0009703,Monmouth County
"West Amwell Township, New Jersey","$33,877 ","West Amwell Township, Hunterdon County, New Jersey, 08530, USA",40.3821838,-74.88720903,Hunterdon County
"Voorhees Township, New Jersey","$33,635 ","Voorhees, Camden County, New Jersey, USA",39.841635,-74.93768541,Camden County
"Margate City, New Jersey","$33,566 ","Margate City, Atlantic County, New Jersey, 08402, USA",39.327894,-74.5034858,Atlantic County
"Long Beach Township, New Jersey","$33,404 ","Long Beach Township, Ocean County, New Jersey, 08008, USA",39.60611185,-74.22924262,Ocean County
"Oceanport, New Jersey","$33,356 ","Oceanport, Monmouth County, New Jersey, USA",40.3181663,-74.0151382,Monmouth County
"East Brunswick Township, New Jersey","$33,286 ","East Brunswick Township, Middlesex County, New Jersey, USA",40.42925355,-74.42858589,Middlesex County
"Cranford, New Jersey","$33,283 ","Cranford, Union County, New Jersey, 07016, USA",40.6584358,-74.2995923,Union County
"Little Falls Township, New Jersey","$33,242 ","Little Falls, Passaic County, New Jersey, USA",40.8689882,-74.2082011,Passaic County
"West Freehold, New Jersey","$33,218 ","West Freehold, Monmouth County, New Jersey, 07729, USA",40.2420556,-74.301258,Monmouth County
"Ocean City, New Jersey","$33,217 ","Ocean City, Cape May County, New Jersey, USA",39.2776156,-74.5746001,Cape May County
"River Edge, New Jersey","$33,188 ","River Edge, Bergen County, New Jersey, 07661, USA",40.9287098,-74.0398622,Bergen County
"Rockaway Township, New Jersey","$33,184 ","Rockaway Township, Morris County, New Jersey, USA",40.9613178,-74.49224451,Morris County
"Lawrence Township, Mercer County, New Jersey","$33,120 ","Lawrence Township, Mercer County, New Jersey, United States of America",40.2999815,-74.71904024,Mercer County
"Hillsborough Township, New Jersey","$33,091 ","Hillsborough Township, Somerset County, New Jersey, USA",40.498516,-74.69516247,Somerset County
"Strathmore, New Jersey","$32,984 ","Strathmore, Monmouth County, New Jersey, NJ 07747, USA",40.3959416,-74.2134775,Monmouth County
"Wall Township, New Jersey","$32,954 ","Wall Township, Monmouth County, New Jersey, USA",40.1743685,-74.08540132,Monmouth County
"Manasquan, New Jersey","$32,898 ","Manasquan, Monmouth County, New Jersey, USA",40.126226,-74.049304,Monmouth County
"Cherry Hill Township, New Jersey","$32,658 ","Cherry Hill Township, Camden County, New Jersey, USA",39.906739,-74.98962995,Camden County
"Dover Beaches North, New Jersey","$32,613 ","Dover Beaches North, Dawn Lane, Toms River, Ocean County, New Jersey, 08735, USA",39.989832,-74.06815125,Ocean County
"White Meadow Lake, New Jersey","$32,596 ","White Meadow Lake, Morris County, New Jersey, 07866, USA",40.9237098,-74.5107121,Morris County
"Brass Castle, New Jersey","$32,393 ","Brass Castle, Warren County, New Jersey, 07882, USA",40.7648213,-75.0110055,Warren County
"Midland Park, New Jersey","$32,284 ","Midland Park, Bergen County, New Jersey, 07432, USA",40.9893112,-74.1401008,Bergen County
"Fair Lawn, New Jersey","$32,273 ","Fair Lawn, Bergen County, New Jersey, 07410, USA",40.9403762,-74.1318096,Bergen County
"Barclay-Kingston, New Jersey","$32,259 ","Barclay-Kingston, York Road, Cherry Hill Township, Camden County, New Jersey, 08034, USA",39.910019,-74.99379148,Camden County
"Mount Laurel Township, New Jersey","$32,245 ","Mount Laurel Township, Burlington County, New Jersey, USA",39.958025,-74.89848491,Burlington County
"Mount Arlington, New Jersey","$32,222 ","Mount Arlington, Morris County, New Jersey, 07856, USA",40.9259319,-74.6348829,Morris County
"Parsippany-Troy Hills Township, New Jersey","$32,220 ","Parsippany-Troy Hills, Morris County, New Jersey, USA",40.8646542,-74.4157768,Morris County
"Teaneck, New Jersey","$32,212 ","Teaneck, Bergen County, New Jersey, 07666, USA",40.8860164,-74.0072568,Bergen County
"Linwood, New Jersey","$32,159 ","Linwood, Atlantic County, New Jersey, 08221, USA",39.3398404,-74.5751484,Atlantic County
"Manalapan Township, New Jersey","$32,142 ","Manalapan Township, Monmouth County, New Jersey, 07726, USA",40.2765855,-74.35263605,Monmouth County
"South Brunswick Township, New Jersey","$32,104 ","South Brunswick, Middlesex County, New Jersey, USA",40.3849235,-74.52047463,Middlesex County
"Fairfield Township, Essex County, New Jersey","$32,099 ","Fairfield, Essex County, New Jersey, 07004, USA",40.8837102,-74.3059823,Essex County
"Westwood, New Jersey","$32,083 ","Westwood, Bergen County, New Jersey, USA",40.9912087,-74.0326395,Bergen County
"Succasunna-Kenvil, New Jersey","$31,923 ","Succasunna-Kenvil, Unneberg Avenue, Roxbury Township, Morris County, New Jersey, 07876, USA",40.8583235,-74.6525666,Morris County
"Pequannock Township, New Jersey","$31,892 ","Pequannock Township, Morris County, New Jersey, USA",40.9627327,-74.30506993,Morris County
"Monroe Township, Middlesex County, New Jersey","$31,772 ","Monroe Township, Middlesex County, New Jersey, USA",40.3183284,-74.42021832,Middlesex County
"Secaucus, New Jersey","$31,684 ","Secaucus, Hudson County, New Jersey, USA",40.7899291,-74.0566735,Hudson County
"Tinton Falls, New Jersey","$31,520 ","Tinton Falls, Monmouth County, New Jersey, USA",40.2890734,-74.0927967,Monmouth County
"Emerson, New Jersey","$31,506 ","Emerson, Bergen County, New Jersey, 07630, USA",40.976209,-74.0262505,Bergen County
"Freehold Township, New Jersey","$31,505 ","Freehold Township, Monmouth County, New Jersey, USA",40.2161336,-74.283856,Monmouth County
"Fredon Township, New Jersey","$31,430 ","Fredon, Sussex County, New Jersey, 07860, USA",41.0392638,-74.8087781,Sussex County
"Medford Lakes, New Jersey","$31,382 ","Medford Lakes, Burlington County, New Jersey, USA",39.85825,-74.79458637,Burlington County
"Ringwood, New Jersey","$31,341 ","Ringwood, Passaic County, New Jersey, 07456, USA",41.113429,-74.2454254,Passaic County
"Franklin Township, Somerset County, New Jersey","$31,209 ","Franklin Township, Somerset County, New Jersey, USA",40.4644745,-74.5420888,Somerset County
"Shark River Hills, New Jersey","$31,196 ","Shark River Hills, Monmouth County, New Jersey, 07753, USA",40.1940022,-74.0487493,Monmouth County
"Riverdale, New Jersey","$31,187 ","Riverdale, Morris County, New Jersey, 07457, USA",40.9939865,-74.3034824,Morris County
"Rossmoor, New Jersey","$31,178 ","Rossmoor, Middlesex County, New Jersey, 06631, USA",40.336497,-74.4734855,Middlesex County
"Society Hill, New Jersey","$31,143 ","Society Hill, Middlesex County, New Jersey, 08854-8062, USA",40.5339927,-74.4579304,Middlesex County
"Yorketown, New Jersey","$31,132 ","Yorketown, Monmouth County, New Jersey, 07726, USA",40.3078873,-74.337648,Monmouth County
"Califon, New Jersey","$31,064 ","Califon, Hunterdon County, New Jersey, USA",40.7195448,-74.8357215,Hunterdon County
"Shamong Township, New Jersey","$30,934 ","Shamong Township, Burlington County, New Jersey, USA",39.8051271,-74.7057295,Burlington County
"Lebanon Township, New Jersey","$30,793 ","Lebanon Township, Hunterdon County, New Jersey, 08826, USA",40.729147,-74.897122,Hunterdon County
"Waldwick, New Jersey","$30,733 ","Waldwick, Bergen County, New Jersey, 07463, United States of America",41.0109281,-74.1182019,Bergen County
"Byram Township, New Jersey","$30,710 ","Byram, Hunterdon County, New Jersey, 18950, USA",40.4237156,-75.059615,Hunterdon County
"Millstone, New Jersey","$30,694 ","Millstone, Somerset County, New Jersey, USA",40.4992707,-74.5887679,Somerset County
"Ocean Township, Monmouth County, New Jersey","$30,581 ","Ocean Township, Monmouth County, New Jersey, USA",40.2520408,-74.0461049,Monmouth County
"Brownville, New Jersey","$30,520 ","Brownville, Middlesex County, New Jersey, USA",40.4006633,-74.2951467,Middlesex County
"Rutherford, New Jersey","$30,495 ","Rutherford, Bergen County, New Jersey, 07070, USA",40.826489,-74.1068091,Bergen County
"Lafayette Township, New Jersey","$30,491 ","Lafayette, Sussex County, New Jersey, 07848, USA",41.0984301,-74.6884965,Sussex County
"Lincoln Park, New Jersey","$30,389 ","Lincoln Park, Morris County, New Jersey, 07035, USA",40.9242652,-74.3020933,Morris County
"North Haledon, New Jersey","$30,322 ","North Haledon, Passaic County, New Jersey, 07508, USA",40.9550981,-74.1859782,Passaic County
"Matawan, New Jersey","$30,320 ","Matawan, Monmouth County, New Jersey, NJ 07747, USA",40.41483,-74.2295891,Monmouth County
"Ramblewood, New Jersey","$30,308 ","Ramblewood, Burlington County, New Jersey, 08053-1200, USA",39.9287242,-74.9437783,Burlington County
"Beach Haven, New Jersey","$30,267 ","Beach Haven, Ocean County, New Jersey, USA",39.5628787,-74.2403853,Ocean County
"Riverton, New Jersey","$30,223 ","Riverton, Burlington County, New Jersey, USA",40.0115009,-75.0148931,Burlington County
"Kingwood Township, New Jersey","$30,219 ","Kingwood Township, Hunterdon County, New Jersey, 08825, USA",40.48650505,-75.01629063,Hunterdon County
"Annandale, New Jersey","$30,176 ","Annandale, Hunterdon County, New Jersey, 08801, USA",40.6409348,-74.881278,Hunterdon County
"Roxbury Township, New Jersey","$30,174 ","Roxbury Township, Morris County, New Jersey, USA",40.8829709,-74.65494077,Morris County
"Edison, New Jersey","$30,148 ","Edison, Middlesex County, New Jersey, USA",40.5382375,-74.39451735,Middlesex County
"Seaside Park, New Jersey","$30,090 ","Seaside Park, Ocean County, New Jersey, 08752, USA",39.9267808,-74.0763847,Ocean County
"Morristown, New Jersey","$30,086 ","Morristown, Morris County, New Jersey, 07960, USA",40.7970384,-74.4809492,Morris County
"Hardwick Township, New Jersey","$30,038 ","Hardwick, Warren County, New Jersey, USA",41.054541,-74.9321157,Warren County
"Milltown, New Jersey","$29,996 ","Milltown, Middlesex County, New Jersey, USA",40.4562165,-74.4432073,Middlesex County
"Boonton, New Jersey","$29,919 ","Boonton, Morris County, New Jersey, 07005, USA",40.9025989,-74.4070971,Morris County
"Fairview, Monmouth County, New Jersey","$29,914 ","Fairview, Monmouth County, New Jersey, 07701, USA",40.3731649,-74.0868073,Monmouth County
"Cape May, New Jersey","$29,902 ","Cape May County, New Jersey, USA",39.1765386,-74.8012119,Cape May County
"Clark, New Jersey","$29,883 ","145, Clark, Union County, New Jersey, 07066, USA",40.6233995,-74.3148279,Union County
"Wood-Ridge, New Jersey","$29,865 ","Wood-Ridge, Bergen County, New Jersey, 07075, USA",40.8456555,-74.0879195,Bergen County
"North Beach Haven, New Jersey","$29,752 ","North Beach Haven, Beach Avenue, Beach Haven, Ocean County, New Jersey, 08008, United States of America",39.60302,-74.21081658,Ocean County
"Clearbrook Park, New Jersey","$29,688 ","Clearbrook Park, Middlesex County, New Jersey, 06631, USA",40.309831,-74.4645962,Middlesex County
"Hasbrouck Heights, New Jersey","$29,626 ","Hasbrouck Heights, Bergen County, New Jersey, 07604, USA",40.8579293,-74.0816693,Bergen County
"Vista Center, New Jersey","$29,620 ","Vista Center, Ocean County, New Jersey, 08527, USA",40.1592798,-74.3179248,Ocean County
"Union Township, Hunterdon County, New Jersey","$29,535 ","Union Township, Hunterdon County, New Jersey, USA",40.6319365,-74.98557079,Hunterdon County
"Evesham Township, New Jersey","$29,494 ","Evesham Township, Burlington County, New Jersey, USA",39.851752,-74.89174118,Burlington County
"Belmar, New Jersey","$29,456 ","Belmar, Monmouth County, New Jersey, 07719:07720, USA",40.1784471,-74.0218037,Monmouth County
"Allentown, New Jersey","$29,455 ","Allentown, Monmouth County, New Jersey, USA",40.1778887,-74.5834887,Monmouth County
"Upper Freehold Township, New Jersey","$29,387 ","Upper Freehold Township, Monmouth County, New Jersey, USA",40.149225,-74.52795921,Monmouth County
"Highlands, New Jersey","$29,369 ","Highlands, Monmouth County, New Jersey, 07732, USA",40.40372,-73.991527,Monmouth County
"Beattystown, New Jersey","$29,345 ","Beattystown, Warren County, New Jersey, 07870, USA",40.8131549,-74.8429446,Warren County
"Springfield Township, Burlington County, New Jersey","$29,322 ","Springfield Township, Burlington County, New Jersey, USA",40.034569,-74.70634047,Burlington County
"High Bridge, New Jersey","$29,276 ","High Bridge, Hunterdon County, New Jersey, 08829, USA",40.6670454,-74.8957231,Hunterdon County
"Weehawken Township, New Jersey","$29,269 ","Weehawken, Hudson County, New Jersey, 07086, USA",40.7695457,-74.0204177,Hudson County
"Andover Township, New Jersey","$29,180 ","Andover Township, 625, Limecrest Road, Andover, Sussex County, New Jersey, 07860, USA",41.029043,-74.71794774,Sussex County
"Washington Township, Warren County, New Jersey","$29,141 ","Washington, Warren County, New Jersey, 07882, USA",40.7584326,-74.9793378,Warren County
"New Milford, New Jersey","$29,064 ","New Milford, Bergen County, New Jersey, USA",40.9350986,-74.0190281,Bergen County
"Deptford Township, New Jersey","$28,986 ","Deptford, Gloucester County, New Jersey, 08096, USA",39.8271755,-75.1235892,Gloucester County
"Aberdeen Township, New Jersey","$28,984 ","Aberdeen Township, Monmouth County, New Jersey, USA",40.431703,-74.23219071,Monmouth County
"Olivet, New Jersey","$28,981 ","Olivet, Salem County, New Jersey, 08318, USA",39.5481706,-75.1546263,Salem County
"Ashland, New Jersey","$28,936 ","Ashland, Camden County, New Jersey, 08003-3925, USA",39.8631693,-75.0060017,Camden County
"Dayton, New Jersey","$28,924 ","Dayton, Breeze Drive, South Brunswick, Middlesex County, New Jersey, 08810, USA",40.3823045,-74.51705142,Middlesex County
"Cherry Hill Mall, New Jersey","$28,892 ","Cherry Hill Mall, Camden County, New Jersey, 08002, USA",39.9359462,-75.0090586,Camden County
"Leisure Village East, New Jersey","$28,879 ","Leisure Village East, Ocean County, New Jersey, 08723, USA",40.0301169,-74.1643075,Ocean County
"Frelinghuysen Township, New Jersey","$28,792 ","Frelinghuysen Way, Franklin Township, Somerset County, New Jersey, 08890, United States of America",40.5350279,-74.5682325,Somerset County
"Highland Park, New Jersey","$28,767 ","Highland Park, Middlesex County, New Jersey, 08904, USA",40.4959379,-74.4243178,Middlesex County
"Sea Isle City, New Jersey","$28,754 ","Sea Isle City, Cape May County, New Jersey, 08243, USA",39.1548404,-74.6897791,Cape May County
"Turnersville, New Jersey","$28,734 ","Turnersville, Gloucester County, New Jersey, 08012, USA",39.77317,-75.0512813,Gloucester County
"Carlstadt, New Jersey","$28,713 ","Carlstadt, Bergen County, New Jersey, 07072, USA",40.8403778,-74.0906974,Bergen County
"East Windsor Township, New Jersey","$28,695 ","East Windsor Township, Mercer County, New Jersey, 18520, USA",40.2589105,-74.54994117,Mercer County
"Mount Olive Township, New Jersey","$28,691 ","Mt Olive Twp, Flanders - Drakestown Road, Mount Olive, Morris County, New Jersey, 07836, USA",40.8456239,-74.7442054,Morris County
"Glen Gardner, New Jersey","$28,647 ","Glen Gardner, Hunterdon County, New Jersey, USA",40.6967671,-74.9407248,Hunterdon County
"Harrison Township, New Jersey","$28,645 ","Harrison, Hudson County, New Jersey, 07029, USA",40.7464901,-74.1562551,Hudson County
"West Milford Township, New Jersey","$28,612 ","West Milford, Passaic County, New Jersey, USA",41.1312069,-74.3673748,Passaic County
"Hightstown, New Jersey","$28,605 ","Hightstown, Mercer County, New Jersey, 08520, USA",40.2695538,-74.5232089,Mercer County
"Lavallette, New Jersey","$28,588 ","Lavallette, Ocean County, New Jersey, USA",39.9703958,-74.0687475,Ocean County
"Holland Township, New Jersey","$28,581 ","Holland Township, Hunterdon County, New Jersey, 08848, USA",40.59804705,-75.12384149,Hunterdon County
"Cliffside Park, New Jersey","$28,516 ","Cliffside Park, Bergen County, New Jersey, USA",40.8214894,-73.9876388,Bergen County
"Hardyston Township, New Jersey","$28,457 ","Hardyston Township, Hardistonville, Sussex County, New Jersey, 07419, USA",41.1397911,-74.5887017,Sussex County
"North Brunswick Township, New Jersey","$28,431 ","North Brunswick Township, Middlesex County, New Jersey, USA",40.4455575,-74.4893081,Middlesex County
"Northvale, New Jersey","$28,206 ","Northvale, Bergen County, New Jersey, 07647, USA",41.0066649,-73.9490627,Bergen County
"Haddon Heights, New Jersey","$28,198 ","Haddon Heights, Camden County, New Jersey, 08035, USA",39.8773356,-75.0646165,Camden County
"Maywood, New Jersey","$28,117 ","Maywood, Bergen County, New Jersey, 07607, USA",40.902599,-74.0618074,Bergen County
"Hainesport Township, New Jersey","$28,091 ","Hainesport Township, Burlington County, New Jersey, USA",39.9711165,-74.83880904,Burlington County
"East Rutherford, New Jersey","$28,072 ","East Rutherford, Bergen County, New Jersey, 07073, USA",40.833989,-74.0970865,Bergen County
"Nutley, New Jersey","$28,039 ","Nutley, Essex County, New Jersey, 07110, USA",40.8223223,-74.1598663,Essex County
"Jefferson Township, New Jersey","$27,950 ","Jefferson Township, Morris County, New Jersey, USA",40.99359485,-74.56260184,Morris County
"Guttenberg, New Jersey","$27,931 ","Guttenberg, Hudson County, New Jersey, USA",40.7920454,-74.0037505,Hudson County
"Hope Township, New Jersey","$27,902 ","Hope, Warren County, New Jersey, 07844, USA",40.9112092,-74.9673943,Warren County
"Tabernacle Township, New Jersey","$27,874 ","Tabernacle Township, Burlington County, New Jersey, USA",39.813584,-74.65477999,Burlington County
"Ship Bottom, New Jersey","$27,870 ","Ship Bottom, Ocean County, New Jersey, USA",39.642897,-74.180416,Ocean County
"Point Pleasant Beach, New Jersey","$27,853 ","Point Pleasant Beach, Ocean County, New Jersey, USA",40.0916529,-74.0480188,Ocean County
"Middlesex, New Jersey","$27,834 ","Middlesex County, New Jersey, USA",40.4279708,-74.3963102,Middlesex County
"Cinnaminson Township, New Jersey","$27,790 ","Cinnaminson Township, Burlington County, New Jersey, 08077, USA",40.0022415,-74.98820792,Burlington County
"Blairstown Township, New Jersey","$27,775 ","Blairstown, Warren County, New Jersey, 07825, USA",40.9828753,-74.9604501,Warren County
"Frenchtown, New Jersey","$27,765 ","Frenchtown, Hunterdon County, New Jersey, USA",40.5262138,-75.06156,Hunterdon County
"Bloomingdale, New Jersey","$27,736 ","Bloomingdale, Passaic County, New Jersey, 07403, USA",41.002147,-74.3263326,Passaic County
"Colonia, New Jersey","$27,732 ","Colonia, Stokes Lane, Woodbridge Township, Middlesex County, New Jersey, 07067, United States of America",40.59171315,-74.31422739,Middlesex County
"Great Meadows-Vienna, New Jersey","$27,688 ","Great Meadows-Vienna, Water Street, Vienna, Warren County, New Jersey, 07840, USA",40.872067,-74.89126911,Warren County
"Navesink, New Jersey","$27,673 ","Navesink, Monmouth County, New Jersey, 07015, USA",40.3995533,-74.0354171,Monmouth County
"West Long Branch, New Jersey","$27,651 ","West Long Branch, Monmouth County, New Jersey, 07764, USA",40.2903891,-74.0176381,Monmouth County
"Lake Telemark, New Jersey","$27,620 ","Lake Telemark, Morris County, New Jersey, 07842, USA",40.9567651,-74.4979341,Morris County
"Leisuretowne, New Jersey","$27,581 ","LeisureTowne, Burlington County, New Jersey, 08088, USA",39.892337,-74.7021031,Burlington County
"Saddle Brook, New Jersey","$27,561 ","Saddle Brook, Bergen County, New Jersey, 07663, USA",40.898988,-74.0926418,Bergen County
"Stanhope, New Jersey","$27,535 ","Stanhope, Sussex County, New Jersey, 07874, USA",40.9028765,-74.7090517,Sussex County
"Upper Township, New Jersey","$27,498 ","Upper Township, Cape May County, New Jersey, USA",39.24543,-74.71420864,Cape May County
"Pilesgrove Township, New Jersey","$27,400 ","Pilesgrove Township, 1180, Harding Highway, Union Grove, Salem County, New Jersey, 08098, United States of America",39.6482467,-75.3082063,Salem County
"Princeton, New Jersey","$27,292 ","Princeton, Mercer County, New Jersey, United States of America",40.3492744,-74.6592958,Mercer County
"Oakhurst, New Jersey","$27,235 ","Oakhurst, Monmouth County, New Jersey, 07755, USA",40.270945,-74.016249,Monmouth County
"South Hackensack, New Jersey","$27,128 ","South Hackensack, Bergen County, New Jersey, 07606, USA",40.8698546,-74.0500662,Bergen County
"Mine Hill Township, New Jersey","$27,119 ","Mine Hill, Morris County, New Jersey, 07803, USA",40.8778769,-74.5937701,Morris County
"Butler, New Jersey","$27,113 ","Butler, Morris County, New Jersey, USA",41.0037087,-74.3415394,Morris County
"Lake Como, New Jersey","$27,111 ","Lake Como, Monmouth County, New Jersey, USA",40.1709472,-74.0273594,Monmouth County
"Mercerville-Hamilton Square, New Jersey","$27,080 ","Mercerville-Hamilton Square, Upper Pond Court, Hamilton Township, Mercer County, New Jersey, 08690, USA",40.2283525,-74.6734694,Mercer County
"Kendall Park, New Jersey","$26,986 ","Kendall Park, Middlesex County, New Jersey, 08824, USA",40.4209391,-74.560711,Middlesex County
"Southampton Township, New Jersey","$26,977 ","Southampton Township, Burlington County, New Jersey, 08088, USA",39.9226305,-74.71865876,Burlington County
"Island Heights, New Jersey","$26,975 ","Island Heights, Ocean County, New Jersey, 08732, USA",39.9420626,-74.1498616,Ocean County
"Eatontown, New Jersey","$26,965 ","Eatontown, Monmouth County, New Jersey, 07724, USA",40.2962222,-74.0509725,Monmouth County
"Garwood, New Jersey","$26,944 ","Garwood, Union County, New Jersey, 07027, USA",40.6517692,-74.3229264,Union County
"Bordentown Township, New Jersey","$26,934 ","Bordentown Township, Burlington County, New Jersey, 08505, USA",40.1486895,-74.69121585,Burlington County
"Hackensack, New Jersey","$26,856 ","Hackensack, Bergen County, New Jersey, 07601, USA",40.8859326,-74.0434736,Bergen County
"Echelon, New Jersey","$26,850 ","Echelon, Camden County, New Jersey, 08043-2343, USA",39.8484472,-74.9957231,Camden County
"Old Bridge Township, New Jersey","$26,814 ","Old Bridge Township, Middlesex County, New Jersey, 08857, USA",40.404546,-74.30996712,Middlesex County
"Pompton Lakes, New Jersey","$26,802 ","Pompton Lakes, Passaic County, New Jersey, USA",41.0053753,-74.2907042,Passaic County
"Iselin, New Jersey","$26,793 ","Iselin, Middlesex County, New Jersey, 08830, USA",40.5753817,-74.3223703,Middlesex County
"Wanamassa, New Jersey","$26,759 ","Wanamassa, Monmouth County, New Jersey, 07712, USA",40.2317793,-74.0254156,Monmouth County
"Dover Beaches South, New Jersey","$26,702 ","Dover Beaches South, Coolidge Avenue, Toms River, Ocean County, New Jersey, 08751, USA",39.9524265,-74.0754947,Ocean County
"Hopatcong, New Jersey","$26,698 ","Hopatcong, Sussex County, New Jersey, USA",40.9332051,-74.6600975,Sussex County
"Helmetta, New Jersey","$26,668 ","Helmetta, Middlesex County, New Jersey, 08828, USA",40.3767741,-74.4245953,Middlesex County
"Surf City, New Jersey","$26,632 ","Surf City, Ocean County, New Jersey, United States of America",39.6587349,-74.168292,Ocean County
"Westampton Township, New Jersey","$26,594 ","Friends Academy School of Westampton, Bridge Street, Willingboro Township, Burlington County, New Jersey, 08073, USA",40.0060418,-74.8670223,Burlington County
"Totowa, New Jersey","$26,561 ","Totowa, Passaic County, New Jersey, 07512, USA",40.9050988,-74.2098679,Passaic County
"Mansfield Township, Burlington County, New Jersey","$26,559 ","Mansfield Township, Burlington County, New Jersey, 08022, USA",40.089326,-74.71308221,Burlington County
"Hawthorne, New Jersey","$26,551 ","Hawthorne, Passaic County, New Jersey, USA",40.9492649,-74.1537549,Passaic County
"Dunellen, New Jersey","$26,529 ","Dunellen, Middlesex County, New Jersey, USA",40.5892696,-74.4718201,Middlesex County
"Twin Rivers, New Jersey","$26,501 ","Twin Rivers, Mercer County, New Jersey, 18520, USA",40.2639987,-74.4912635,Mercer County
"Rockaway, New Jersey","$26,500 ","Rockaway, Morris County, New Jersey, USA",40.9012101,-74.5143232,Morris County
"Dumont, New Jersey","$26,489 ","Dumont, Bergen County, New Jersey, 07628, USA",40.9406541,-73.9968051,Bergen County
"Pine Beach, New Jersey","$26,487 ","Pine Beach, Ocean County, New Jersey, 08741, USA",39.9359515,-74.1709735,Ocean County
"Raritan, New Jersey","$26,420 ","Raritan, Somerset County, New Jersey, 08869, USA",40.5695474,-74.6329363,Somerset County
"Old Bridge, New Jersey","$26,395 ","Old Bridge, Maple Street, Southwood, Old Bridge Township, Middlesex County, New Jersey, 08857, USA",40.399178,-74.34090357,Middlesex County
"Bloomsbury, New Jersey","$26,392 ","Bloomsbury, Hunterdon County, New Jersey, USA",40.6539892,-75.0865619,Hunterdon County
"Piscataway Township, New Jersey","$26,321 ","Piscataway Township, Middlesex County, New Jersey, USA",40.551683,-74.47481907,Middlesex County
"Red Bank, New Jersey","$26,265 ","Red Bank, Monmouth County, New Jersey, USA",40.3470543,-74.0643065,Monmouth County
"Ocean Grove, New Jersey","$26,232 ","Ocean Grove, Monmouth County, New Jersey, 07756, USA",40.2120575,-74.0065258,Monmouth County
"Howell Township, New Jersey","$26,143 ","Howell Township, Monmouth County, New Jersey, USA",40.1797105,-74.20419352,Monmouth County
"Woodland Township, New Jersey","$26,126 ","Woodland Township, Burlington County, New Jersey, 08019, USA",39.842075,-74.52305759,Burlington County
"Bloomfield, New Jersey","$26,049 ","Bloomfield, Essex County, New Jersey, 07003, USA",40.806767,-74.1854226,Essex County
"Gibbsboro, New Jersey","$26,035 ","Gibbsboro, Camden County, New Jersey, USA",39.8381698,-74.9648887,Camden County
"Lyndhurst, New Jersey","$25,940 ","Lyndhurst, Bergen County, New Jersey, USA",40.8120247,-74.1242816,Bergen County
"Fords, New Jersey","$25,917 ","Fords, Hoover Avenue, Edison, Middlesex County, New Jersey, 08837, USA",40.5411231,-74.31652441,Middlesex County
"Andover, New Jersey","$25,914 ","Andover, Sussex County, New Jersey, USA",40.9859311,-74.7421089,Sussex County
"Bordentown, New Jersey","$25,882 ","Bordentown, Burlington County, New Jersey, 08505, USA",40.1462213,-74.7118264,Burlington County
"Lumberton Township, New Jersey","$25,789 ","Lumberton Township, Burlington County, New Jersey, 08048, USA",39.9597485,-74.79695719,Burlington County
"Harmony Township, New Jersey","$25,776 ","Harmony, Monmouth County, New Jersey, 07748, USA",40.418997,-74.1243085,Monmouth County
"Point Pleasant, New Jersey","$25,715 ","Point Pleasant, Ocean County, New Jersey, 08742, USA",40.0831714,-74.0681931,Ocean County
"Stockton, New Jersey","$25,712 ","Stockton, Hunterdon County, New Jersey, 08559:18938, USA",40.407883,-74.9782238,Hunterdon County
"Washington Township, Gloucester County, New Jersey","$25,705 ","WVSJ-AM (Washington Township), Hurffville Road, Fairview, Gloucester County, New Jersey, 08096, United States of America",39.7898362,-75.1026739,Gloucester County
"Forked River, New Jersey","$25,696 ","Forked River, Ocean County, New Jersey, 08731, USA",39.8398413,-74.1901399,Ocean County
"West Cape May, New Jersey","$25,663 ","West Cape May, Cape May County, New Jersey, USA",38.9387236,-74.9418404,Cape May County
"Haddon Township, New Jersey","$25,610 ","Haddon Township, Camden County, New Jersey, USA",39.907642,-75.05526392,Camden County
"Merchantville, New Jersey","$25,589 ","Merchantville, Camden County, New Jersey, 08109, USA",39.951634,-75.04876271,Camden County
"Ridgefield, New Jersey","$25,558 ","Ridgefield, Bergen County, New Jersey, USA",40.8342669,-74.0087505,Bergen County
"Bogota, New Jersey","$25,505 ","Bogota, Bergen County, New Jersey, 07603, USA",40.8762106,-74.0298621,Bergen County
"White Horse, New Jersey","$25,480 ","White Horse, Mercer County, New Jersey, 08610, USA",40.1906652,-74.7023816,Mercer County
"Hamilton Township, Mercer County, New Jersey","$25,441 ","Hamilton Township, Mercer County, New Jersey, USA",40.2041625,-74.67932439,Mercer County
"Bradley Beach, New Jersey","$25,438 ","Bradley Beach, Monmouth County, New Jersey, 07720, USA",40.2023355,-74.0120814,Monmouth County
"Belford, New Jersey","$25,412 ","Belford, Monmouth County, New Jersey, 07718, USA",40.4259414,-74.0868075,Monmouth County
"Wanaque, New Jersey","$25,403 ","Wanaque, Passaic County, New Jersey, USA",41.0381526,-74.2940378,Passaic County
"Stafford Township, New Jersey","$25,397 ","Stafford Township, Ocean County, New Jersey, 08050, USA",39.7066225,-74.25271857,Ocean County
"Yardville-Groveville, New Jersey","$25,391 ","Yardville-Groveville, Kingston Boulevard, Hamilton Township, Mercer County, New Jersey, 08561, USA",40.179909,-74.67031871,Mercer County
"Erlton-Ellisburg, New Jersey","$25,357 ","Erlton-Ellisburg, SR 70, Cherry Hill Township, Camden County, New Jersey, 08034, United States of America",39.9128005,-75.01464047,Camden County
"Hampton Township, New Jersey","$25,353 ","Hampton, Tabernacle Township, Burlington County, New Jersey, USA",39.831828,-74.652916,Burlington County
"Delran Township, New Jersey","$25,312 ","Delran Township, Burlington County, New Jersey, USA",40.0179845,-74.94348457,Burlington County
"South Plainfield, New Jersey","$25,270 ","South Plainfield, Middlesex County, New Jersey, 07080, USA",40.5792701,-74.4115401,Middlesex County
"Hazlet Township, New Jersey","$25,262 ","Hazlet Township, Monmouth County, New Jersey, 07730, USA",40.4267925,-74.1633147,Monmouth County
"Vernon Township, New Jersey","$25,250 ","Vernon Township Fire Department, Main Street, Vernon Valley Plaza, Vernon, Sussex County, New Jersey, 07462, USA",41.19747035,-74.48505604,Sussex County
"Spotswood, New Jersey","$25,247 ","Spotswood, Middlesex County, New Jersey, 08884, USA",40.391774,-74.3984834,Middlesex County
"Wharton, New Jersey","$25,168 ","Wharton, Morris County, New Jersey, USA",40.8931546,-74.5818254,Morris County
"Marlton, New Jersey","$25,145 ","Marlton, Burlington County, New Jersey, 08053-2171, USA",39.8912248,-74.9218325,Burlington County
"Woodbridge Township, New Jersey","$25,087 ","Woodbridge Township, Middlesex County, New Jersey, USA",40.5498525,-74.28741855,Middlesex County
"Woodbridge, New Jersey","$25,087 ","Woodbridge, Rutherford Avenue, Bridgeton Apartments, Woodbridge Township, Middlesex County, New Jersey, 07095, United States of America",40.55418,-74.28600077,Middlesex County
"Northfield, New Jersey","$25,059 ","Northfield, Atlantic County, New Jersey, 08225, USA",39.3703942,-74.5501546,Atlantic County
"Rochelle Park, New Jersey","$25,054 ","Rochelle Park, Bergen County, New Jersey, 07662, USA",40.9092993,-74.0733086,Bergen County
"Frankford Township, New Jersey","$25,051 ","Frankford Avenue, Gloucester Township, Camden County, New Jersey, 08012, USA",39.792871,-75.054976,Camden County
"Milford, New Jersey","$25,039 ","Milford, Hunterdon County, New Jersey, USA",40.5687128,-75.0946169,Hunterdon County
"Leisure Knoll, New Jersey","$25,012 ","Leisure Knoll, Ocean County, New Jersey, 08733, USA",40.0190056,-74.2920901,Ocean County
"Toms River, New Jersey","$25,010 ","Toms River, Ocean County, New Jersey, United States of America",39.9537359,-74.1979576,Ocean County
"Audubon, New Jersey","$24,942 ","Audubon, Camden County, New Jersey, 08106, USA",39.8909466,-75.0729504,Camden County
"Stillwater Township, New Jersey","$24,933 ","Stillwater, Sussex County, New Jersey, 07855, USA",41.0359303,-74.878225,Sussex County
"Roosevelt, New Jersey","$24,892 ","Roosevelt, Monmouth County, New Jersey, 08555, USA",40.2201108,-74.4732073,Monmouth County
"Toms River, New Jersey","$24,831 ","Toms River, Ocean County, New Jersey, United States of America",39.9537359,-74.1979576,Ocean County
"White Township, New Jersey","$24,783 ","White, Woodland Township, Burlington County, New Jersey, 08019, USA",39.7874826,-74.5507967,Burlington County
"Union Township, Union County, New Jersey","$24,768 ","Union, Union County, New Jersey, USA",40.6976019,-74.2632024,Union County
"Burlington Township, New Jersey","$24,754 ","Burlington Township, Burlington County, New Jersey, USA",40.072587,-74.88700756,Burlington County
"Beckett, New Jersey","$24,754 ","Beckett, Gloucester County, New Jersey, 08085, USA",39.7540025,-75.3574122,Gloucester County
"Pohatcong Township, New Jersey","$24,754 ","Pohatcong Avenue, Lakewood Park, Ocean Township, Ocean County, New Jersey, 08758, USA",39.7743379,-74.2028971,Ocean County
"Liberty Township, New Jersey","$24,743 ","Liberty, 378, US 22, Readington Township, Hunterdon County, New Jersey, 08807, USA",40.6190109,-74.7510399,Hunterdon County
"Hackettstown, New Jersey","$24,742 ","Hackettstown, Warren County, New Jersey, 07840, USA",40.8539878,-74.8290556,Warren County
"Sayreville, New Jersey","$24,736 ","Sayreville, Middlesex County, New Jersey, USA",40.4592726,-74.3609822,Middlesex County
"Pemberton Heights, New Jersey","$24,716 ","Pemberton Heights, Burlington County, New Jersey, 08068, USA",39.9626136,-74.6787695,Burlington County
"Bergenfield, New Jersey","$24,706 ","Bergenfield, Bergen County, New Jersey, 07621, USA",40.9275987,-73.9973608,Bergen County
"Sewaren, New Jersey","$24,681 ","Sewaren, Middlesex County, New Jersey, 07077, USA",40.5520491,-74.2587568,Middlesex County
"Berlin, New Jersey","$24,675 ","Berlin, Camden County, New Jersey, USA",39.7912262,-74.9290536,Camden County
"Moonachie, New Jersey","$24,654 ","Moonachie, Bergen County, New Jersey, 07074, USA",40.8412112,-74.0451405,Bergen County
"Hamburg, New Jersey","$24,651 ","Hamburg, Sussex County, New Jersey, 07419, USA",41.1534294,-74.5762713,Sussex County
"Knowlton Township, New Jersey","$24,631 ","Knowlton, Warren County, New Jersey, 07832, USA",40.9303752,-75.027952,Warren County
"Budd Lake, New Jersey","$24,581 ","Budd Lake, Morris County, New Jersey, 07828, USA",40.8712101,-74.7340523,Morris County
"Eastampton Township, New Jersey","$24,534 ","Eastampton Township, Burlington County, New Jersey, USA",40.003452,-74.75344339,Burlington County
"Brick Township, New Jersey","$24,462 ","Brick Township, Ocean County, New Jersey, USA",40.0691585,-74.12231529,Ocean County
"North Arlington, New Jersey","$24,441 ","North Arlington, Bergen County, New Jersey, 07031, USA",40.788434,-74.1331988,Bergen County
"Barrington, New Jersey","$24,434 ","Barrington, Camden County, New Jersey, 08007, USA",39.8648357,-75.0551714,Camden County
"Wallington, New Jersey","$24,431 ","Wallington, Bergen County, New Jersey, 07057, USA",40.8531553,-74.1137537,Bergen County
"Port Republic, New Jersey","$24,369 ","Port Republic, Atlantic County, New Jersey, USA",39.5206733,-74.485707,Atlantic County
"Collingswood, New Jersey","$24,358 ","Collingswood, Camden County, New Jersey, USA",39.9181686,-75.071284,Camden County
"Kenilworth, New Jersey","$24,343 ","Kenilworth, Union County, New Jersey, 07033, USA",40.6760225,-74.289262,Union County
"Lopatcong Township, New Jersey","$24,333 ","Lopatcong Township Municipal Building, 232, South 3rd Street, Port Warren, Warren County, New Jersey, 08865, USA",40.7006213,-75.1717431,Warren County
"Ogdensburg, New Jersey","$24,305 ","Ogdensburg, Sussex County, New Jersey, 07439, USA",41.0817636,-74.5923824,Sussex County
"Ridgefield Park, New Jersey","$24,290 ","Ridgefield Park, Bergen County, New Jersey, 07660, USA",40.8570442,-74.0215285,Bergen County
"Ewing Township, New Jersey","$24,268 ","Ewing Township, Mercer County, New Jersey, USA",40.2624865,-74.79968379,Mercer County
"Mannington Township, New Jersey","$24,262 ","Mannington Mills, Salem County, New Jersey, 08079, USA",39.5870575,-75.4543637,Salem County
"Little Ferry, New Jersey","$24,210 ","Little Ferry, Bergen County, New Jersey, 07643, USA",40.8528777,-74.0420848,Bergen County
"Woodstown, New Jersey","$24,182 ","Woodstown, Salem County, New Jersey, 08098, USA",39.6515027,-75.3282454,Salem County
"Oaklyn, New Jersey","$24,157 ","Oaklyn, Camden County, New Jersey, USA",39.9009465,-75.0846179,Camden County
"Mantua Township, New Jersey","$24,147 ","Mantua, Gloucester County, New Jersey, 08051, USA",39.7940026,-75.1721232,Gloucester County
"Roselle Park, New Jersey","$24,101 ","Roselle Park, Union County, New Jersey, 07204, USA",40.6642692,-74.2632022,Union County
"Woodbury Heights, New Jersey","$24,001 ","Woodbury Heights, Gloucester County, New Jersey, 08097, USA",39.817058,-75.1551776,Gloucester County
"Pine Valley, New Jersey","$23,981 ","Pine Valley, Camden County, New Jersey, USA",39.7856704,-74.975166,Camden County
"Jackson Township, New Jersey","$23,981 ","Jackson Township, Ocean County, New Jersey, 08527, USA",40.085241,-74.35534868,Ocean County
"Port Reading, New Jersey","$23,978 ","Port Reading, Middlesex County, New Jersey, 07064, USA",40.5653823,-74.2604236,Middlesex County
"Brigantine, New Jersey","$23,950 ","Brigantine, Atlantic County, New Jersey, 08203, USA",39.4101171,-74.3645906,Atlantic County
"Gibbstown, New Jersey","$23,931 ","Gibbstown, South Market Street, Gibbstown, Gloucester County, New Jersey, 08027, USA",39.824634,-75.2776699,Gloucester County
"Fieldsboro, New Jersey","$23,908 ","Fieldsboro, Burlington County, New Jersey, USA",40.1364991,-74.7287714,Burlington County
"Crestwood Village, New Jersey","$23,841 ","Crestwood Village, Ocean County, New Jersey, 08759, USA",39.9481727,-74.360703,Ocean County
"Maple Shade Township, New Jersey","$23,812 ","Maple Shade Township, Burlington County, New Jersey, 08052, USA",39.949994,-74.99431298,Burlington County
"Flemington, New Jersey","$23,769 ","Flemington, Hunterdon County, New Jersey, USA",40.5130953,-74.8591333,Hunterdon County
"Wildwood Crest, New Jersey","$23,741 ","Wildwood Crest, Cape May County, New Jersey, USA",38.9748351,-74.8335015,Cape May County
"South River, New Jersey","$23,684 ","South River, Middlesex County, New Jersey, 08882, USA",40.446495,-74.3859831,Middlesex County
"Clifton, New Jersey","$23,638 ","Clifton, Passaic County, New Jersey, USA",40.8584328,-74.1637553,Passaic County
"Laurence Harbor, New Jersey","$23,619 ","Laurence Harbor, Middlesex County, New Jersey, 07721, USA",40.4567735,-74.2465338,Middlesex County
"Absecon, New Jersey","$23,615 ","Absecon, Atlantic County, New Jersey, 08201, USA",39.4284503,-74.4957076,Atlantic County
"South Amboy, New Jersey","$23,598 ","South Amboy, Middlesex County, New Jersey, USA",40.4782514,-74.2907363,Middlesex County
"Shrewsbury Township, New Jersey","$23,574 ","Shrewsbury Township, Monmouth County, New Jersey, USA",40.3120839,-74.0732274,Monmouth County
"Oxford, New Jersey","$23,563 ","Oxford, Warren County, New Jersey, 07863, USA",40.8031545,-74.9896163,Warren County
"Florence Township, New Jersey","$23,529 ","Florence Township, Burlington County, New Jersey, USA",40.0944185,-74.78483295,Burlington County
"Oxford Township, New Jersey","$23,515 ","Oxford, Warren County, New Jersey, 07863, USA",40.8031545,-74.9896163,Warren County
"Mays Landing, New Jersey","$23,477 ","Mays Landing, Atlantic County, New Jersey, 08330, USA",39.4523326,-74.727661,Atlantic County
"Netcong, New Jersey","$23,472 ","Netcong, Morris County, New Jersey, 07857, USA",40.8989877,-74.7065516,Morris County
"Palmyra, New Jersey","$23,454 ","Palmyra, Burlington County, New Jersey, 08065, USA",40.0070565,-75.0282271,Burlington County
"Englishtown, New Jersey","$23,438 ","Englishtown, Monmouth County, New Jersey, USA",40.2973319,-74.3582041,Monmouth County
"Leonardo, New Jersey","$23,422 ","Leonardo, Monmouth County, New Jersey, 07737, USA",40.4173306,-74.0620846,Monmouth County
"Jamesburg, New Jersey","$23,325 ","Jamesburg, Middlesex County, New Jersey, USA",40.3526079,-74.4401513,Middlesex County
"Somerville, New Jersey","$23,310 ","Somerville, Somerset County, New Jersey, USA",40.5742696,-74.60988,Somerset County
"Manville, New Jersey","$23,293 ","Manville, Somerset County, New Jersey, 08835, USA",40.5409367,-74.587657,Somerset County
"Keyport, New Jersey","$23,288 ","Keyport, Monmouth County, New Jersey, 07735, USA",40.4331631,-74.1995883,Monmouth County
"Laurel Springs, New Jersey","$23,254 ","Laurel Springs, Camden County, New Jersey, USA",39.8201141,-75.0062788,Camden County
"Leisure Village, New Jersey","$23,246 ","Leisure Village, Ocean County, New Jersey, 08701, USA",40.0426165,-74.184864,Ocean County
"Belvidere, New Jersey","$23,231 ","Belvidere, Warren County, New Jersey, USA",40.82982,-75.0776747,Warren County
"Washington, New Jersey","$23,166 ","Washington, Warren County, New Jersey, 07882, USA",40.7584326,-74.9793378,Warren County
"Lacey Township, New Jersey","$23,136 ","Lacey Township, Ocean County, New Jersey, USA",39.868231,-74.29396632,Ocean County
"Ramtown, New Jersey","$23,042 ","Ramtown, Monmouth County, New Jersey, 08776, USA",40.120948,-74.143752,Monmouth County
"Presidential Lakes Estates, New Jersey","$22,995 ","Presidential Lakes Estates, Burlington County, New Jersey, USA",39.913727,-74.5645988,Burlington County
"Alloway Township, New Jersey","$22,935 ","Alloway, Salem County, New Jersey, 08001, USA",39.5609644,-75.3624361,Salem County
"Edgewater Park Township, New Jersey","$22,920 ","Edgewater Park Township, Burlington County, New Jersey, 08010, USA",40.0533715,-74.91267711,Burlington County
"Manahawkin, New Jersey","$22,875 ","Manahawkin, Ocean County, New Jersey, 08050, USA",39.695397,-74.2587527,Ocean County
"Cliffwood Beach, New Jersey","$22,874 ","Cliffwood Beach, Monmouth County, New Jersey, 07735, USA",40.4420516,-74.2168109,Monmouth County
"Ocean Township, Ocean County, New Jersey","$22,830 ","Ocean Township, Ocean County, New Jersey, 08758, USA",39.791441,-74.2127865,Ocean County
"North Plainfield, New Jersey","$22,791 ","North Plainfield, Somerset County, New Jersey, USA",40.6301025,-74.4273743,Somerset County
"Holiday City-Berkeley, New Jersey","$22,755 ","Holiday City-Berkeley, Castleton Drive, Berkeley Township, Ocean County, New Jersey, 08757, USA",39.964644,-74.27057727,Ocean County
"Branchville, New Jersey","$22,748 ","Branchville, Sussex County, New Jersey, USA",41.1464852,-74.7523874,Sussex County
"Pennsville Township, New Jersey","$22,717 ","Pennsville, Salem County, New Jersey, 08070, USA",39.6534464,-75.5165881,Salem County
"Ventnor City, New Jersey","$22,631 ","Ventnor City, Atlantic County, New Jersey, 08406, USA",39.3405045,-74.4773916,Atlantic County
"Palisades Park, New Jersey","$22,607 ","Palisades Park, Bergen County, New Jersey, 07650, USA",40.8481556,-73.997639,Bergen County
"Gloucester Township, New Jersey","$22,604 ","Gloucester Township, Camden County, New Jersey, 08029, USA",39.7892305,-75.04765196,Camden County
"Elmwood Park, New Jersey","$22,588 ","Elmwood Park, Bergen County, New Jersey, 07407, USA",40.9039878,-74.118476,Bergen County
"Neptune Township, New Jersey","$22,569 ","Neptune Township, Monmouth County, New Jersey, USA",40.208444,-74.05576229,Monmouth County
"Mullica Hill, New Jersey","$22,503 ","Mullica Hill, Gloucester County, New Jersey, 08062, USA",39.7392804,-75.2240718,Gloucester County
"Oldmans Township, New Jersey","$22,495 ","Oldmans, Salem County, New Jersey, 08067, USA",39.7567804,-75.4301937,Salem County
"Wantage Township, New Jersey","$22,488 ","Wantage, Sussex County, New Jersey, 07461, USA",41.2442617,-74.5507156,Sussex County
"Rahway, New Jersey","$22,481 ","Rahway, Union County, New Jersey, 07065, USA",40.6081591,-74.2776468,Union County
"Hampton, New Jersey","$22,440 ","Hampton, Hunterdon County, New Jersey, USA",40.7070446,-74.9560032,Hunterdon County
"Plumsted Township, New Jersey","$22,433 ","Plumsted Township, Ocean County, New Jersey, 08533, USA",40.049206,-74.49027799,Ocean County
"Manchester Township, New Jersey","$22,409 ","Manchester Township, Ocean County, New Jersey, USA",39.9539525,-74.39909178,Ocean County
"Silver Ridge, New Jersey","$22,403 ","Silver Ridge, Ocean County, New Jersey, 08757, USA",39.9592846,-74.2184757,Ocean County
"Bound Brook, New Jersey","$22,395 ","Bound Brook, Somerset County, New Jersey, 08805, USA",40.5684363,-74.5384889,Somerset County
"Egg Harbor Township, New Jersey","$22,328 ","Egg Harbor Township, Atlantic County, New Jersey, USA",39.3618588,-74.5820136,Atlantic County
"West Belmar, New Jersey","$22,276 ","West Belmar, Monmouth County, New Jersey, 07719:07720, USA",40.1692806,-74.0354151,Monmouth County
"Greenwich Township, Cumberland County, New Jersey","$22,233 ","Greenwich, Cumberland County, New Jersey, 08323, USA",39.3898359,-75.3385267,Cumberland County
"Somers Point, New Jersey","$22,229 ","Somers Point, Atlantic County, New Jersey, 08244, USA",39.3176158,-74.594601,Atlantic County
"Berkeley Township, New Jersey","$22,198 ","Berkeley Township, Ocean County, New Jersey, USA",39.872107,-74.12937236,Ocean County
"Neptune City, New Jersey","$22,191 ","Neptune City, Monmouth County, New Jersey, USA",40.2001133,-74.0279152,Monmouth County
"Berlin Township, New Jersey","$22,178 ","Berlin Township, Camden County, New Jersey, 08091, USA",39.802394,-74.92314243,Camden County
"Leisure Village West-Pine Lake Park, New Jersey","$22,149 ","Leisure Village West-Pine Lake Park, Lawrence Avenue, Manchester Township, Ocean County, New Jersey, 08757, USA",40.005703,-74.26827682,Ocean County
"Pitman, New Jersey","$22,133 ","Pitman, Gloucester County, New Jersey, 08071, USA",39.732892,-75.1315651,Gloucester County
"Belleville, New Jersey","$22,093 ","Belleville, Essex County, New Jersey, USA",40.7937116,-74.1501438,Essex County
"Waretown, New Jersey","$22,061 ","Waretown, Ocean County, New Jersey, 08758, USA",39.7938958,-74.2232061,Ocean County
"Blackwood, New Jersey","$21,815 ","Blackwood, Camden County, New Jersey, 08032, USA",39.8023363,-75.0640602,Camden County
"Willingboro Township, New Jersey","$21,799 ","Willingboro Township, Burlington County, New Jersey, 08046, USA",40.0269215,-74.89088817,Burlington County
"Stratford, New Jersey","$21,748 ","Stratford, Camden County, New Jersey, 08084, USA",39.8267807,-75.0154461,Camden County
"Hillside, New Jersey","$21,724 ","Hillside, Union County, New Jersey, USA",40.701213,-74.2301459,Union County
"Waterford Township, New Jersey","$21,676 ","Waterford Township, Camden County, New Jersey, 08004, USA",39.7321715,-74.80109551,Camden County
"Farmingdale, New Jersey","$21,667 ","Farmingdale, Monmouth County, New Jersey, USA",40.1965018,-74.1684757,Monmouth County
"Lodi, New Jersey","$21,667 ","Lodi, Bergen County, New Jersey, 07644, USA",40.8823215,-74.0831971,Bergen County
"Pittsgrove Township, New Jersey","$21,624 ","Pittsgrove Township Middle School, Almond Road, Centerton, Salem County, New Jersey, 08318, USA",39.5256181,-75.1630334,Salem County
"Madison Park, New Jersey","$21,622 ","Madison Park, Middlesex County, New Jersey, 08859, USA",40.4514954,-74.3079248,Middlesex County
"Woodbury, New Jersey","$21,592 ","Woodbury, Gloucester County, New Jersey, USA",39.8381691,-75.1526774,Gloucester County
"Winfield Township, New Jersey","$21,565 ","Winfield, Union County, New Jersey, USA",40.6350591,-74.2894633,Union County
"Cape May Court House, New Jersey","$21,541 ","Cape May Court House, Cape May County, New Jersey, 08210, USA",39.0826139,-74.8237858,Cape May County
"Bayonne, New Jersey","$21,533 ","Bayonne, Hudson County, New Jersey, 07002, USA",40.6687141,-74.1143091,Hudson County
"Dennis Township, New Jersey","$21,455 ","Dennis Township, Cape May County, New Jersey, USA",39.21249775,-74.88498261,Cape May County
"Barnegat, New Jersey","$21,431 ","Barnegat, Ocean County, New Jersey, 8005, USA",39.7531754,-74.2229179,Ocean County
"Port Monmouth, New Jersey","$21,369 ","Port Monmouth, Monmouth County, New Jersey, 07758, USA",40.430108,-74.0984745,Monmouth County
"Elmer, New Jersey","$21,356 ","Elmer, Salem County, New Jersey, USA",39.594247,-75.1681997,Salem County
"Corbin City, New Jersey","$21,321 ","Corbin City, Atlantic County, New Jersey, USA",39.3034484,-74.7557193,Atlantic County
"Linden, New Jersey","$21,314 ","Linden, Union County, New Jersey, 07036, USA",40.6220478,-74.2445902,Union County
"Hamilton Township, Atlantic County, New Jersey","$21,309 ","Hamilton Township, Atlantic County, New Jersey, USA",39.4959092,-74.74482011,Atlantic County
"Roselle, New Jersey","$21,269 ","Roselle, Union County, New Jersey, USA",40.6503925,-74.26088333,Union County
"Somerdale, New Jersey","$21,259 ","Somerdale, Camden County, New Jersey, USA",39.8440027,-75.0226691,Camden County
"Winslow Township, New Jersey","$21,254 ","Winslow Township, Camden County, New Jersey, USA",39.696597,-74.88193813,Camden County
"Ocean Acres, New Jersey","$21,249 ","Ocean Acres, Ocean County, New Jersey, 08005, USA",39.7434529,-74.2809758,Ocean County
"Beachwood, New Jersey","$21,247 ","Beachwood, Ocean County, New Jersey, 08722, USA",39.939007,-74.1929188,Ocean County
"Mount Ephraim, New Jersey","$21,150 ","Mount Ephraim, Camden County, New Jersey, 08059, USA",39.8784466,-75.0926738,Camden County
"South Bound Brook, New Jersey","$21,131 ","South Bound Brook, Somerset County, New Jersey, 08880, USA",40.5534365,-74.531544,Somerset County
"Delanco Township, New Jersey","$21,096 ","Delanco Township, Burlington County, New Jersey, USA",40.04830395,-74.95283244,Burlington County
"Glendora, New Jersey","$21,089 ","Glendora, Camden County, New Jersey, 08029, USA",39.8395581,-75.0735056,Camden County
"Newfield, New Jersey","$21,063 ","Newfield, Gloucester County, New Jersey, 08344, USA",39.5465044,-75.0248964,Gloucester County
"Galloway Township, New Jersey","$21,048 ","Galloway Township, Atlantic County, New Jersey, USA",39.4646097,-74.4986142,Atlantic County
"Union Beach, New Jersey","$20,973 ","Union Beach, Monmouth County, New Jersey, USA",40.4464962,-74.1781988,Monmouth County
"Kearny, New Jersey","$20,886 ","Kearny, Hudson County, New Jersey, 07032, USA",40.7684342,-74.1454214,Hudson County
"Swedesboro, New Jersey","$20,857 ","Swedesboro, Gloucester County, New Jersey, USA",39.7476136,-75.3104654,Gloucester County
"Erma, New Jersey","$20,765 ","Erma, Cape May County, New Jersey, 08204, USA",38.9806683,-74.9079497,Cape May County
"Montague Township, New Jersey","$20,676 ","Montague, Sussex County, New Jersey, 07892, USA",41.3031498,-74.7934993,Sussex County
"Little Egg Harbor Township, New Jersey","$20,619 ","Little Egg Harbor Township, Ocean County, New Jersey, 08087, USA",39.635931,-74.35183816,Ocean County
"Folsom, New Jersey","$20,617 ","Folsom, Atlantic County, New Jersey, USA",39.6020608,-74.8426653,Atlantic County
"Eagleswood Township, New Jersey","$20,617 ","Eagleswood Township, Ocean County, New Jersey, 08092, USA",39.652588,-74.28895376,Ocean County
"Victory Gardens, New Jersey","$20,616 ","Victory Gardens, Morris County, New Jersey, USA",40.8759325,-74.5423796,Morris County
"Victory Lakes, New Jersey","$20,615 ","Victory Lakes, Gloucester County, New Jersey, 08094, USA",39.6331712,-74.966002,Gloucester County
"Newton, New Jersey","$20,577 ","Newton, Sussex County, New Jersey, USA",41.0582103,-74.7530943,Sussex County
"Country Lake Estates, New Jersey","$20,554 ","Country Lake Estates, Burlington County, New Jersey, 08015, USA",39.9426157,-74.5440427,Burlington County
"Long Branch, New Jersey","$20,532 ","Long Branch, Monmouth County, New Jersey, 07740, USA",40.3042778,-73.9923596,Monmouth County
"North Middletown, New Jersey","$20,462 ","North Middletown, Monmouth County, New Jersey, 07734, USA",40.4395521,-74.1190306,Monmouth County
"Bass River Township, New Jersey","$20,382 ","Bass River Township, Burlington County, New Jersey, 08224, USA",39.6570865,-74.45918646,Burlington County
"Pine Ridge at Crestwood, New Jersey","$20,320 ","Pine Ridge at Crestwood, Ocean County, New Jersey, 08759, USA",39.9545618,-74.315146,Ocean County
"Cedar Glen Lakes, New Jersey","$20,246 ","Cedar Glen Lakes, Ocean County, New Jersey, USA",39.952339,-74.3998711,Ocean County
"Burlington, New Jersey","$20,208 ","Burlington County, New Jersey, USA",39.9325409,-74.7226665,Burlington County
"Tuckerton, New Jersey","$20,118 ","Tuckerton, Ocean County, New Jersey, USA",39.5960075,-74.32971066,Ocean County
"Alpha, New Jersey","$20,104 ","Alpha, Warren County, New Jersey, USA",40.6670439,-75.1573972,Warren County
"North Bergen Township, New Jersey","$20,058 ","North Bergen, Hudson County, New Jersey, 07047-2227, USA",40.8042674,-74.012084,Hudson County
"Clayton, New Jersey","$20,006 ","Clayton, Gloucester County, New Jersey, 08312, USA",39.6601148,-75.0921197,Gloucester County
"Fairton, New Jersey","$20,005 ","Fairton, Cumberland County, New Jersey, 08320, USA",39.3817814,-75.2199099,Cumberland County
"Carneys Point Township, New Jersey","$19,978 ","Carneys Point, Salem County, New Jersey, 08069, USA",39.7112247,-75.4701961,Salem County
"Freehold Borough, New Jersey","$19,910 ","Freehold Borough, Monmouth County, New Jersey, USA",40.260151,-74.27566229,Monmouth County
"Hammonton, New Jersey","$19,889 ","Hammonton, Atlantic County, New Jersey, 08037, USA",39.6365056,-74.8023853,Atlantic County
"Bellmawr, New Jersey","$19,863 ","Bellmawr, Camden County, New Jersey, 08031, USA",39.8676134,-75.0946183,Camden County
"Middle Township, New Jersey","$19,805 ","Middle Township, Cape May County, New Jersey, USA",39.086816,-74.83156504,Cape May County
"Avenel, New Jersey","$19,794 ","Avenel, Middlesex County, New Jersey, 07001, USA",40.5803818,-74.2851469,Middlesex County
"Lower Township, New Jersey","$19,786 ","Lower Township, Cape May County, New Jersey, USA",38.981896,-74.90200976,Cape May County
"Mullica Township, New Jersey","$19,764 ","Mullica Township, Atlantic County, New Jersey, 08217, USA",39.5777443,-74.7172708,Atlantic County
"Mount Holly Township, New Jersey","$19,672 ","Mount Holly Township, Burlington County, New Jersey, 08060, USA",39.9954105,-74.78858213,Burlington County
"North Wildwood, New Jersey","$19,656 ","North Wildwood, Cape May County, New Jersey, USA",39.0006686,-74.799333,Cape May County
"Cedar Glen West, New Jersey","$19,548 ","Cedar Glen West, Ocean County, New Jersey, 08733, USA",40.0420605,-74.2926458,Ocean County
"Garfield, New Jersey","$19,530 ","Garfield, Bergen County, New Jersey, USA",40.8814882,-74.113198,Bergen County
"Estell Manor, New Jersey","$19,469 ","Estell Manor, Atlantic County, New Jersey, 08319, USA",39.4120603,-74.7423855,Atlantic County
"Jersey City, New Jersey","$19,410 ","Jersey City, Hudson County, New Jersey, United States of America",40.7281575,-74.0776417,Hudson County
"Franklin, New Jersey","$19,386 ","Franklin, Sussex County, New Jersey, 07416, USA",41.1220409,-74.5804378,Sussex County
"Barnegat Township, New Jersey","$19,307 ","Barnegat Township, Ocean County, New Jersey, USA",39.7634115,-74.27370114,Ocean County
"Hi-Nella, New Jersey","$19,285 ","Hi-Nella, Camden County, New Jersey, USA",39.8356695,-75.0243357,Camden County
"Ocean Gate, New Jersey","$19,239 ","Ocean Gate, Ocean County, New Jersey, 08740, USA",39.9267851,-74.1337496,Ocean County
"Pemberton Township, New Jersey","$19,238 ","Pemberton Township, Burlington County, New Jersey, USA",39.9548195,-74.59322386,Burlington County
"Oak Valley, New Jersey","$19,148 ","Oak Valley, Gloucester County, New Jersey, 08090, USA",39.8012248,-75.1624003,Gloucester County
"Runnemede, New Jersey","$19,143 ","Runnemede, Camden County, New Jersey, 08078, USA",39.8523358,-75.0679498,Camden County
"Williamstown, New Jersey","$19,112 ","Williamstown, Gloucester County, New Jersey, 08094, USA",39.6862263,-74.995168,Gloucester County
"Haledon, New Jersey","$19,099 ","Haledon, Passaic County, New Jersey, USA",40.935654,-74.186256,Passaic County
"Holiday Heights, New Jersey","$19,062 ","Holiday Heights, Ocean County, New Jersey, 08757, USA",39.9459512,-74.2540325,Ocean County
"Plainfield, New Jersey","$19,052 ","Plainfield, Union County, New Jersey, USA",40.6337136,-74.4073737,Union County
"Magnolia, New Jersey","$19,032 ","Magnolia, Camden County, New Jersey, 08049, USA",39.8545581,-75.0390591,Camden County
"Pennsauken, New Jersey","$19,004 ","Pennsauken, Camden County, New Jersey, 08110, USA",39.9562238,-75.0579502,Camden County
"Weymouth Township, New Jersey","$18,987 ","Weymouth Township, Atlantic County, New Jersey, 08317, USA",39.4106755,-74.82513683,Atlantic County
"Carteret, New Jersey","$18,967 ","Carteret, Middlesex County, New Jersey, 07008, USA",40.5773266,-74.2282005,Middlesex County
"Quinton Township, New Jersey","$18,921 ","Quinton, Salem County, New Jersey, 08072, USA",39.5459466,-75.4124178,Salem County
"Pemberton, New Jersey","$18,909 ","Pemberton, Burlington County, New Jersey, USA",39.971561,-74.68521591,Burlington County
"Sussex, New Jersey","$18,866 ","Sussex County, New Jersey, USA",41.133372,-74.6930393,Sussex County
"Fairview, Bergen County, New Jersey","$18,835 ","Fairview, Bergen County, New Jersey, USA",40.8126006,-73.999028,Bergen County
"Lawnside, New Jersey","$18,831 ","Lawnside, Camden County, New Jersey, USA",39.8665025,-75.0282253,Camden County
"Vineland, New Jersey","$18,797 ","Vineland, Cumberland County, New Jersey, USA",39.473152,-75.00202655,Cumberland County
"Rio Grande, New Jersey","$18,792 ","Rio Grande, Cape May County, New Jersey, 08242, USA",39.0145573,-74.8815594,Cape May County
"New Egypt, New Jersey","$18,771 ","New Egypt, Helen Street, Plumsted Township, Ocean County, New Jersey, 08533, USA",40.0654375,-74.52266814,Ocean County
"Riverside Township, New Jersey","$18,758 ","Riverside Township, Burlington County, New Jersey, USA",40.03427155,-74.95342182,Burlington County
"Westville, New Jersey","$18,747 ","Westville, Gloucester County, New Jersey, USA",39.8700552,-75.1265177,Gloucester County
"Mystic Island, New Jersey","$18,737 ","Mystic Island, West Mullica Road, Fairwinds, Little Egg Harbor Township, Ocean County, New Jersey, 08087, USA",39.5675875,-74.38291765,Ocean County
"Holiday City South, New Jersey","$18,726 ","Holiday City South, Davenport Road, Berkeley Township, Ocean County, New Jersey, 08757, USA",39.9525295,-74.24378602,Ocean County
"Seaside Heights, New Jersey","$18,665 ","Seaside Heights, Ocean County, New Jersey, USA",39.9467383,-74.0727327,Ocean County
"Lindenwold, New Jersey","$18,659 ","Lindenwold, Camden County, New Jersey, USA",39.81812,-74.97996222,Camden County
"Millville, New Jersey","$18,632 ","Millville, Cumberland County, New Jersey, USA",39.4020593,-75.0393368,Cumberland County
"Pine Hill, New Jersey","$18,613 ","Pine Hill, Camden County, New Jersey, USA",39.7842813,-74.9921108,Camden County
"Clementon, New Jersey","$18,510 ","Clementon, Camden County, New Jersey, 08021, USA",39.8115033,-74.9829443,Camden County
"Harrison, New Jersey","$18,490 ","Harrison, Hudson County, New Jersey, 07029, USA",40.7464901,-74.1562551,Hudson County
"Deerfield Township, New Jersey","$18,468 ","Deerfield, Bass River Township, Burlington County, New Jersey, 08224, USA",39.5942766,-74.4534026,Burlington County
"Phillipsburg, New Jersey","$18,452 ","Phillipsburg, Warren County, New Jersey, 08865, USA",40.6937099,-75.1901761,Warren County
"North Cape May, New Jersey","$18,420 ","North Cape May, Cape May County, New Jersey, 08204, USA",38.9820569,-74.9579523,Cape May County
"Lakehurst, New Jersey","$18,390 ","Lakehurst, Ocean County, New Jersey, USA",40.014561,-74.3112574,Ocean County
"Buena Vista Township, New Jersey","$18,382 ","Buena Vista Township, Atlantic County, New Jersey, USA",39.5061276,-74.9089602,Atlantic County
"Brooklawn, New Jersey","$18,295 ","Brooklawn, Camden County, New Jersey, USA",39.8781689,-75.120731,Camden County
"Pomona, New Jersey","$18,182 ","Pomona, Chris Gaupp Drive, Monticello Estates, Galloway Township, Atlantic County, New Jersey, 08205, USA",39.4641937,-74.5452665,Atlantic County
"Glassboro, New Jersey","$18,113 ","Glassboro, Gloucester County, New Jersey, USA",39.7027677,-75.1119434,Gloucester County
"Dover, New Jersey","$18,056 ","Dover, Morris County, New Jersey, 07801, USA",40.883988,-74.5621025,Morris County
"National Park, New Jersey","$18,048 ","National Park, Gloucester County, New Jersey, 08063, USA",39.865968,-75.1796351,Gloucester County
"Collings Lakes, New Jersey","$17,903 ","Collings Lakes, Atlantic County, New Jersey, 08044, USA",39.5956717,-74.8815556,Atlantic County
"West Wildwood, New Jersey","$17,839 ","West Wildwood, Cape May County, New Jersey, USA",39.0023352,-74.8243343,Cape May County
"Beverly, New Jersey","$17,760 ","Beverly, Burlington County, New Jersey, USA",40.0653889,-74.9190558,Burlington County
"Browns Mills, New Jersey","$17,678 ","Browns Mills, Burlington County, New Jersey, 08015, USA",39.9726147,-74.5829331,Burlington County
"Pleasantville, New Jersey","$17,668 ","Pleasantville, Atlantic County, New Jersey, 08232, USA",39.3898388,-74.5240422,Atlantic County
"Walpack Township, New Jersey","$17,624 ","Walpack-Flatbrook Road, Flatbrookville, Sussex County, New Jersey, USA",41.1050592,-74.9559875,Sussex County
"North Hanover Township, New Jersey","$17,580 ","North Hanover Township, Burlington County, New Jersey, 08562, USA",40.08801,-74.58573131,Burlington County
"Keansburg, New Jersey","$17,417 ","Keansburg, Monmouth County, New Jersey, 07734, USA",40.4417743,-74.1298643,Monmouth County
"Downe Township, New Jersey","$17,366 ","Downe Circle, Medford Township, Burlington County, New Jersey, 08055, USA",39.834031,-74.814714,Burlington County
"Chesterfield Township, New Jersey","$17,193 ","Chesterfield Township, Burlington County, New Jersey, 08515, USA",40.112115,-74.65157121,Burlington County
"Maurice River Township, New Jersey","$17,141 ","Maurice River, Cumberland County, New Jersey, 08349, USA",39.231781,-75.0287888,Cumberland County
"Gloucester, New Jersey","$16,912 ","Gloucester County, New Jersey, USA",39.7267303,-75.1535378,Gloucester County
"Shiloh, Cumberland County, New Jersey","$16,880 ","Shiloh, Cumberland County, New Jersey, 08353, USA",39.4590032,-75.2990798,Cumberland County
"Irvington, New Jersey","$16,874 ","Irvington, Essex County, New Jersey, 07111, USA",40.7323235,-74.2348684,Essex County
"Orange, New Jersey","$16,861 ","Orange, Essex County, New Jersey, USA",40.770937,-74.2309654,Essex County
"Whitesboro-Burleigh, New Jersey","$16,812 ","Whitesboro-Burleigh, Randolph Street, Middle Township, Cape May County, New Jersey, 08210, USA",39.0422145,-74.86539268,Cape May County
"West New York, New Jersey","$16,719 ","West New York, Hudson County, New Jersey, USA",40.785529,-74.00830025,Hudson County
"Buena, New Jersey","$16,717 ","Buena, Atlantic County, New Jersey, USA",39.5321975,-74.94273723,Atlantic County
"Lakewood Township, New Jersey","$16,700 ","Lakewood, Madison Avenue, Lakewood, Ocean County, New Jersey, 08701, USA",40.092024,-74.21219646,Ocean County
"Villas, New Jersey","$16,696 ","Villas, Cape May County, New Jersey, 08251, USA",39.0287239,-74.9385068,Cape May County
"East Orange, New Jersey","$16,488 ","East Orange, Essex County, New Jersey, USA",40.767323,-74.2048677,Essex County
"East Newark, New Jersey","$16,415 ","East Newark, Hudson County, New Jersey, USA",40.7501076,-74.1611525,Hudson County
"Prospect Park, New Jersey","$16,410 ","Prospect Park, Passaic County, New Jersey, USA",40.9370428,-74.1743111,Passaic County
"Paulsboro, New Jersey","$16,368 ","Paulsboro, Gloucester County, New Jersey, USA",39.830391,-75.2404608,Gloucester County
"South Toms River, New Jersey","$16,292 ","South Toms River, Ocean County, New Jersey, USA",39.9420625,-74.2043082,Ocean County
"Port Norris, New Jersey","$16,195 ","Port Norris, Cumberland County, New Jersey, 08349, USA",39.2459477,-75.035178,Cumberland County
"Cedarville, New Jersey","$15,446 ","Cedarville, Salem County, New Jersey, 08098, USA",39.6245582,-75.3413021,Salem County
"Atlantic City, New Jersey","$15,402 ","Atlantic City, Atlantic County, New Jersey, USA",39.3642852,-74.4229351,Atlantic County
"Chesilhurst, New Jersey","$15,252 ","Chesilhurst, Camden County, New Jersey, USA",39.7323384,-74.8809966,Camden County
"Egg Harbor City, New Jersey","$15,151 ","Egg Harbor City, Atlantic County, New Jersey, USA",39.5287282,-74.6479364,Atlantic County
"Elizabeth, New Jersey","$15,114 ","Elizabeth, Union County, New Jersey, USA",40.6639916,-74.2107006,Union County
"Perth Amboy, New Jersey","$14,989 ","Perth Amboy, Middlesex County, New Jersey, 08861, USA",40.5067723,-74.2654234,Middlesex County
"Rosenhayn, New Jersey","$14,801 ","Rosenhayn, Cumberland County, New Jersey, 08352, USA",39.4781708,-75.1312929,Cumberland County
"Woodlynne, New Jersey","$14,757 ","Woodlynne, Camden County, New Jersey, USA",39.917188,-75.09609484,Camden County
"Commercial Township, New Jersey","$14,663 ","Bishop's Gate Commercial Centre, Mount Laurel Township, Burlington County, New Jersey, USA",39.9626566,-74.90322405,Burlington County
"Trenton, New Jersey","$14,621 ","Trenton, Mercer County, New Jersey, USA",40.2170575,-74.7429463,Mercer County
"Tavistock, New Jersey","$14,600 ","Tavistock, Camden County, New Jersey, USA",39.8762246,-75.0296144,Camden County
"Wrightstown, New Jersey","$14,489 ","Wrightstown, Burlington County, New Jersey, USA",40.0362241,-74.6179344,Burlington County
"New Brunswick, New Jersey","$14,308 ","New Brunswick, Middlesex County, New Jersey, USA",40.4862174,-74.4518173,Middlesex County
"Union City, New Jersey","$13,997 ","Union City, Hudson County, New Jersey, 07087, USA",40.7795455,-74.0237512,Hudson County
"Washington Township, Burlington County, New Jersey","$13,977 ","Washington Township, Burlington County, New Jersey, USA",39.6625625,-74.59161235,Burlington County
"Wildwood, New Jersey","$13,682 ","Wildwood, Cape May County, New Jersey, 08260, USA",38.9917797,-74.8148894,Cape May County
"Elwood-Magnolia, New Jersey","$13,678 ","Elwood-Magnolia, White Horse Pike, Mullica Township, Atlantic County, New Jersey, 08217, USA",39.573068,-74.70564735,Atlantic County
"Salem, New Jersey","$13,599 ","Salem County, New Jersey, USA",39.5980987,-75.3488201,Salem County
"Asbury Park, New Jersey","$13,516 ","Asbury Park, Monmouth County, New Jersey, USA",40.2203907,-74.0120817,Monmouth County
"Woodbine, New Jersey","$13,335 ","Woodbine, Cape May County, New Jersey, 08270, USA",39.2417813,-74.8151667,Cape May County
"Penns Grove, New Jersey","$13,330 ","Penns Grove, Salem County, New Jersey, USA",39.7295581,-75.4679734,Salem County
"Paterson, New Jersey","$13,257 ","Paterson, Passaic County, New Jersey, USA",40.9167654,-74.171811,Passaic County
"Newark, New Jersey","$13,009 ","Newark, Essex County, New Jersey, USA",40.735657,-74.1723667,Essex County
"Laurel Lake, New Jersey","$12,965 ","Laurel Lake, Cumberland County, New Jersey, 08332, USA",39.3395593,-75.0298992,Cumberland County
"Passaic, New Jersey","$12,874 ","Passaic County, New Jersey, USA",41.0461864,-74.3177933,Passaic County
"Seabrook Farms, New Jersey","$12,499 ","Seabrook Farms, 2nd Avenue, Seabrook, Cumberland County, New Jersey, 08302, USA",39.5012485,-75.21844613,Cumberland County
"McGuire Air Force Base, New Jersey","$12,364 ","McGuire Air Force Base, Pioneer Lake Road, New Hanover Township, Burlington County, New Jersey, 08641, USA",40.0172727,-74.59013963,Burlington County
"New Hanover Township, New Jersey","$12,140 ","New Hanover Township, Burlington County, New Jersey, USA",40.0230115,-74.57868627,Burlington County
"Bridgeton, New Jersey","$10,917 ","Bridgeton, Cumberland County, New Jersey, 08302, USA",39.427337,-75.2340768,Cumberland County
"Fort Dix, New Jersey","$10,543 ","Fort Dix, Burlington County, New Jersey, 08640, USA",40.0301105,-74.6201691,Burlington County
"Camden, New Jersey","$9,815 ","Camden, Camden County, New Jersey, USA",39.9448402,-75.1198911,Camden County
