Town,Population,Location,Lat,Lon,County
"Newark, Essex County, New Jersey","285,154","Newark, Essex County, New Jersey, USA",40.735657,-74.1723667,Essex County
"Jersey City, Hudson County, New Jersey","270,753","Jersey City, Hudson County, New Jersey, United States of America",40.7281575,-74.0776417,Hudson County
"Paterson, Passaic County, New Jersey","148,678","Paterson, Passaic County, New Jersey, USA",40.9167654,-74.171811,Passaic County
"Elizabeth, Union County, New Jersey","130,215","Elizabeth, Union County, New Jersey, USA",40.6639916,-74.2107006,Union County
"Edison, Middlesex County, New Jersey","102,450","Edison, Middlesex County, New Jersey, USA",40.5382375,-74.39451735,Middlesex County
"Woodbridge Township, Middlesex County, New Jersey","101,965","Woodbridge Township, Middlesex County, New Jersey, USA",40.5498525,-74.28741855,Middlesex County
"Lakewood Township, Ocean County, New Jersey","102,682","Lakewood, Madison Avenue, Lakewood, Ocean County, New Jersey, 08701, USA",40.092024,-74.21219646,Ocean County
"Toms River, Ocean County, New Jersey","93,017","Toms River, Ocean County, New Jersey, United States of America",39.9537359,-74.1979576,Ocean County
"Hamilton Township, Mercer County, New Jersey","89,078","Hamilton Township, Mercer County, New Jersey, USA",40.2041625,-74.67932439,Mercer County
"Trenton, Mercer County, New Jersey","84,964","Trenton, Mercer County, New Jersey, USA",40.2170575,-74.7429463,Mercer County
"Clifton, Passaic County, New Jersey","86,607","Clifton, Passaic County, New Jersey, USA",40.8584328,-74.1637553,Passaic County
"Camden, Camden County, New Jersey","74,532","Camden, Camden County, New Jersey, USA",39.9448402,-75.1198911,Camden County
"Brick Township, Ocean County, New Jersey","75,516","Brick Township, Ocean County, New Jersey, USA",40.0691585,-74.12231529,Ocean County
"Cherry Hill, Camden County, New Jersey","71,479","Cherry Hill, Camden County, New Jersey, 08002, USA",39.9348351,-75.0307264,Camden County
"Passaic, Passaic County, New Jersey","71,247","Passaic, Passaic County, New Jersey, 07055, USA",40.8567663,-74.1284764,Passaic County
"Middletown Township, Monmouth County, New Jersey","65,603","Middletown Township, Monmouth County, New Jersey, USA",40.4010465,-74.06700834,Monmouth County
"Union City, Hudson County, New Jersey","70,387","Union City, Hudson County, New Jersey, 07087, USA",40.7795455,-74.0237512,Hudson County
"Old Bridge Township, Middlesex County, New Jersey","67,032","Old Bridge Township, Middlesex County, New Jersey, 08857, USA",40.404546,-74.30996712,Middlesex County
"Gloucester Township, Camden County, New Jersey","64,159","Gloucester Township, Camden County, New Jersey, 08029, USA",39.7892305,-75.04765196,Camden County
"East Orange, Essex County, New Jersey","65,378","East Orange, Essex County, New Jersey, USA",40.767323,-74.2048677,Essex County
"Bayonne, Hudson County, New Jersey","67,186","Bayonne, Hudson County, New Jersey, 07002, USA",40.6687141,-74.1143091,Hudson County
"Franklin Township, Somerset County, New Jersey","66,734","Franklin Township, Somerset County, New Jersey, USA",40.4644745,-74.5420888,Somerset County
"North Bergen, Hudson County, New Jersey","63,659","North Bergen, Hudson County, New Jersey, 07047-2227, USA",40.8042674,-74.012084,Hudson County
"Vineland, Cumberland County, New Jersey","60,392","Vineland, Cumberland County, New Jersey, USA",39.473152,-75.00202655,Cumberland County
"Union Township, Union County, New Jersey","59,327","Union, Union County, New Jersey, USA",40.6976019,-74.2632024,Union County
"Piscataway, Middlesex County, New Jersey","57,887","Piscataway, Middlesex County, New Jersey, 08854, USA",40.5462553,-74.4660408,Middlesex County
"New Brunswick, Middlesex County, New Jersey","57,073","New Brunswick, Middlesex County, New Jersey, USA",40.4862174,-74.4518173,Middlesex County
"Jackson Township, Ocean County, New Jersey","57,073","Jackson Township, Ocean County, New Jersey, 08527, USA",40.085241,-74.35534868,Ocean County
"Wayne, Passaic County, New Jersey","55,072","Wayne, Passaic County, New Jersey, USA",40.9491723,-74.2376802,Passaic County
"Irvington, Essex County, New Jersey","54,865","Irvington, Essex County, New Jersey, 07111, USA",40.7323235,-74.2348684,Essex County
"Parsippany-Troy Hills, Morris County, New Jersey","53,201","Parsippany-Troy Hills, Morris County, New Jersey, USA",40.8646542,-74.4157768,Morris County
"Howell Township, Monmouth County, New Jersey","52,476","Howell Township, Monmouth County, New Jersey, USA",40.1797105,-74.20419352,Monmouth County
"Perth Amboy, Middlesex County, New Jersey","52,823","Perth Amboy, Middlesex County, New Jersey, 08861, USA",40.5067723,-74.2654234,Middlesex County
"Hoboken, Hudson County, New Jersey","55,131","Hoboken, Hudson County, New Jersey, USA",40.7433066,-74.0323752,Hudson County
"Plainfield, Union County, New Jersey","51,327","Plainfield, Union County, New Jersey, USA",40.6337136,-74.4073737,Union County
"West New York, Hudson County, New Jersey","54,227","West New York, Hudson County, New Jersey, USA",40.785529,-74.00830025,Hudson County
"Washington Township, Gloucester County, New Jersey","47,848","WVSJ-AM (Washington Township), Hurffville Road, Fairview, Gloucester County, New Jersey, 08096, United States of America",39.7898362,-75.1026739,Gloucester County
"East Brunswick, Middlesex County, New Jersey","48,840","East Brunswick, Middlesex County, New Jersey, 08816, USA",40.4278841,-74.415984,Middlesex County
"Bloomfield, Essex County, New Jersey","50,970","Bloomfield, Essex County, New Jersey, 07003, USA",40.806767,-74.1854226,Essex County
"West Orange, Essex County, New Jersey","48,435","West Orange, Essex County, New Jersey, USA",40.7987113,-74.2390353,Essex County
"Evesham Township, Burlington County, New Jersey","45,381","Evesham Township, Burlington County, New Jersey, USA",39.851752,-74.89174118,Burlington County
"Bridgewater Township, Somerset County, New Jersey","45,414","Bridgewater Township, Somerset County, New Jersey, USA",40.596061,-74.60386079,Somerset County
"South Brunswick, Middlesex County, New Jersey","46,561","South Brunswick, Middlesex County, New Jersey, USA",40.3849235,-74.52047463,Middlesex County
"Egg Harbor Township, Atlantic County, New Jersey","43,296","Egg Harbor Township, Atlantic County, New Jersey, USA",39.3618588,-74.5820136,Atlantic County
"Manchester Township, Ocean County, New Jersey","43,395","Manchester Township, Ocean County, New Jersey, USA",39.9539525,-74.39909178,Ocean County
"Hackensack, Bergen County, New Jersey","45,248","Hackensack, Bergen County, New Jersey, 07601, USA",40.8859326,-74.0434736,Bergen County
"Sayreville, Middlesex County, New Jersey","45,325","Sayreville, Middlesex County, New Jersey, USA",40.4592726,-74.3609822,Middlesex County
"Mount Laurel, Burlington County, New Jersey","41,662","Mount Laurel, Burlington County, New Jersey, 08053-5510, USA",39.934002,-74.8909988,Burlington County
"Berkeley Township, Ocean County, New Jersey","41,747","Berkeley Township, Ocean County, New Jersey, USA",39.872107,-74.12937236,Ocean County
"Kearny, Hudson County, New Jersey","42,670","Kearny, Hudson County, New Jersey, 07032, USA",40.7684342,-74.1454214,Hudson County
"Linden, Union County, New Jersey","43,056","Linden, Union County, New Jersey, 07036, USA",40.6220478,-74.2445902,Union County
"Marlboro Township, Monmouth County, New Jersey","40,306","Marlboro Township, Monmouth County, New Jersey, USA",40.3365685,-74.26999678,Monmouth County
"Teaneck, Bergen County, New Jersey","41,311","Teaneck, Bergen County, New Jersey, 07666, USA",40.8860164,-74.0072568,Bergen County
"Atlantic City, Atlantic County, New Jersey","38,429","Atlantic City, Atlantic County, New Jersey, USA",39.3642852,-74.4229351,Atlantic County
"Winslow Township, Camden County, New Jersey","39,041","Winslow Township, Camden County, New Jersey, USA",39.696597,-74.88193813,Camden County
"Monroe Township, Middlesex County, New Jersey","45,332","Monroe Township, Middlesex County, New Jersey, USA",40.3183284,-74.42021832,Middlesex County
"Manalapan Township, Monmouth County, New Jersey","40,013","Manalapan Township, Monmouth County, New Jersey, 07726, USA",40.2765855,-74.35263605,Monmouth County
"Hillsborough Township, Somerset County, New Jersey","40,003","Hillsborough Township, Somerset County, New Jersey, USA",40.498516,-74.69516247,Somerset County
"Montclair, Essex County, New Jersey","39,227","Montclair, Essex County, New Jersey, USA",40.8259332,-74.2090344,Essex County
"Galloway Township, Atlantic County, New Jersey","36,563","Galloway Township, Atlantic County, New Jersey, USA",39.4646097,-74.4986142,Atlantic County
"Freehold Township, Monmouth County, New Jersey","35,053","Freehold Township, Monmouth County, New Jersey, USA",40.2161336,-74.283856,Monmouth County
"Belleville, Essex County, New Jersey","36,498","Belleville, Essex County, New Jersey, USA",40.7937116,-74.1501438,Essex County
"Pennsauken Township, Camden County, New Jersey","35,934","Pennsauken Township, Camden County, New Jersey, 08110, USA",39.960107,-75.04904878,Camden County
"Ewing Township, Mercer County, New Jersey","36,549","Ewing Township, Mercer County, New Jersey, USA",40.2624865,-74.79968379,Mercer County
"Fort Lee, Bergen County, New Jersey","37,907","Fort Lee, Bergen County, New Jersey, USA",40.8509333,-73.9701382,Bergen County
"Lawrence Township, Mercer County, New Jersey","33,161","Lawrence Township, Mercer County, New Jersey, United States of America",40.2999815,-74.71904024,Mercer County
"Fair Lawn, Bergen County, New Jersey","33,710","Fair Lawn, Bergen County, New Jersey, 07410, USA",40.9403762,-74.1318096,Bergen County
"Willingboro Township, Burlington County, New Jersey","32,062","Willingboro Township, Burlington County, New Jersey, 08046, USA",40.0269215,-74.89088817,Burlington County
"Long Branch, Monmouth County, New Jersey","30,762","Long Branch, Monmouth County, New Jersey, 07740, USA",40.3042778,-73.9923596,Monmouth County
"Deptford Township, Gloucester County, New Jersey","30,582","Deptford, Gloucester County, New Jersey, 08096, USA",39.8271755,-75.1235892,Gloucester County
"Garfield, Bergen County, New Jersey","32,393","Garfield, Bergen County, New Jersey, USA",40.8814882,-74.113198,Bergen County
"Westfield, Union County, New Jersey","30,433","Westfield, Union County, New Jersey, 07090, USA",40.6589912,-74.3473717,Union County
"City of Orange, Essex County, New Jersey","30,813","City of Orange, Essex County, New Jersey, 07050, USA",40.7706562,-74.2326463,Essex County
"Livingston, Essex County, New Jersey","30,142","Livingston, Essex County, New Jersey, 07039, USA",40.7959335,-74.3148713,Essex County
"Voorhees Township, Camden County, New Jersey","29,462","Voorhees, Camden County, New Jersey, USA",39.841635,-74.93768541,Camden County
"Princeton, Mercer County, New Jersey","27,918","Princeton, Mercer County, New Jersey, United States of America",40.3492744,-74.6592958,Mercer County
"Millville, Cumberland County, New Jersey","28,928","Millville, Cumberland County, New Jersey, USA",39.4020593,-75.0393368,Cumberland County
"Nutley, Essex County, New Jersey","29,253","Nutley, Essex County, New Jersey, 07110, USA",40.8223223,-74.1598663,Essex County
"Mount Olive Township, Morris County, New Jersey","27,844","Mt Olive Twp, Flanders - Drakestown Road, Mount Olive, Morris County, New Jersey, 07836, USA",40.8456239,-74.7442054,Morris County
"Neptune Township, Monmouth County, New Jersey","27,301","Neptune Township, Monmouth County, New Jersey, USA",40.208444,-74.05576229,Monmouth County
"Pemberton Township, Burlington County, New Jersey","28,819","Pemberton Township, Burlington County, New Jersey, USA",39.9548195,-74.59322386,Burlington County
"Lacey Township, Ocean County, New Jersey","30,131","Lacey Township, Ocean County, New Jersey, USA",39.868231,-74.29396632,Ocean County
"Rahway, Union County, New Jersey","26,988","Rahway, Union County, New Jersey, 07065, USA",40.6081591,-74.2776468,Union County
"Ocean Township, Monmouth County, New Jersey","27,725","Ocean Township, Monmouth County, New Jersey, USA",40.2520408,-74.0461049,Monmouth County
"East Windsor Township, Mercer County, New Jersey","28,491","East Windsor Township, Mercer County, New Jersey, 18520, USA",40.2589105,-74.54994117,Mercer County
"West Windsor Township, Mercer County, New Jersey","29,112","West Windsor Township, Mercer County, New Jersey, 08550, USA",40.296321,-74.62610307,Mercer County
"Englewood, Bergen County, New Jersey","27,927","Englewood, Bergen County, New Jersey, 07361, USA",40.8928771,-73.9726381,Bergen County
"Bergenfield, Bergen County, New Jersey","27,061","Bergenfield, Bergen County, New Jersey, 07621, USA",40.9275987,-73.9973608,Bergen County
"Bernards Township, Somerset County, New Jersey","27,346","Bernards Township, Somerset County, New Jersey, USA",40.676207,-74.56335485,Somerset County
"Stafford Township, Ocean County, New Jersey","26,408","Stafford Township, Ocean County, New Jersey, 08050, USA",39.7066225,-74.25271857,Ocean County
"Hamilton Township, Atlantic County, New Jersey","27,032","Hamilton Township, Atlantic County, New Jersey, USA",39.4959092,-74.74482011,Atlantic County
"Paramus, Bergen County, New Jersey","25,981","Paramus, Bergen County, New Jersey, USA",40.9452911,-74.0735899,Bergen County
"Wall Township, Monmouth County, New Jersey","26,759","Wall Township, Monmouth County, New Jersey, USA",40.1743685,-74.08540132,Monmouth County
"Mahwah, Bergen County, New Jersey","26,856","Mahwah, Bergen County, New Jersey, USA",41.0887072,-74.1437552,Bergen County
"West Milford, Passaic County, New Jersey","25,893","West Milford, Passaic County, New Jersey, USA",41.1312069,-74.3673748,Passaic County
"Randolph, Morris County, New Jersey","24,505","Randolph Township, Morris County, New Jersey, USA",40.844265,-74.58572175,Morris County
"Bridgeton, Cumberland County, New Jersey","25,692","Bridgeton, Cumberland County, New Jersey, 08302, USA",39.427337,-75.2340768,Cumberland County
"Ridgewood, Bergen County, New Jersey","25,494","Ridgewood, Bergen County, New Jersey, 07450, United States of America",40.9796683,-74.1194403,Bergen County
"Rockaway Township, Morris County, New Jersey","24,961","Rockaway Township, Morris County, New Jersey, USA",40.9613178,-74.49224451,Morris County
"Lodi, Bergen County, New Jersey","22,239","Lodi, Bergen County, New Jersey, 07644, USA",40.8823215,-74.0831971,Bergen County
"Vernon Township, Sussex County, New Jersey","24,847","Vernon Township Fire Department, Main Street, Vernon Valley Plaza, Vernon, Sussex County, New Jersey, 07462, USA",41.19747035,-74.48505604,Sussex County
"Maplewood, Essex County, New Jersey","25,142","Maplewood, Essex County, New Jersey, 07040, USA",40.7312123,-74.2734808,Essex County
"Cliffside Park, Bergen County, New Jersey","24,630","Cliffside Park, Bergen County, New Jersey, USA",40.8214894,-73.9876388,Bergen County
"Scotch Plains, Union County, New Jersey","24,435","Scotch Plains, Union County, New Jersey, USA",40.65538,-74.3898732,Union County
"South Plainfield, Middlesex County, New Jersey","23,342","South Plainfield, Middlesex County, New Jersey, 07080, USA",40.5792701,-74.4115401,Middlesex County
"Roxbury Township, Morris County, New Jersey","23,496","Roxbury Township, Morris County, New Jersey, USA",40.8829709,-74.65494077,Morris County
"Medford, Burlington County, New Jersey","23,504","Medford, Burlington County, New Jersey, 08055, USA",39.9009472,-74.8234961,Burlington County
"Plainsboro Township, Middlesex County, New Jersey","21,766","Plainsboro Township, Middlesex County, New Jersey, USA",40.3329935,-74.58525123,Middlesex County
"Lower Township, Cape May County, New Jersey","24,084","Lower Township, Cape May County, New Jersey, USA",38.981896,-74.90200976,Cape May County
"Carteret, Middlesex County, New Jersey","24,439","Carteret, Middlesex County, New Jersey, 07008, USA",40.5773266,-74.2282005,Middlesex County
"Cranford, Union County, New Jersey","22,824","Cranford, Union County, New Jersey, 07016, USA",40.6584358,-74.2995923,Union County
"Burlington Township, Burlington County, New Jersey","22,489","Burlington Township, Burlington County, New Jersey, USA",40.072587,-74.88700756,Burlington County
"Morris Township, Morris County, New Jersey","23,584","Morris Township, Morris County, New Jersey, USA",40.798799,-74.52084688,Morris County
"Montgomery, Somerset County, New Jersey","22,106","Montgomery, Somerset County, New Jersey, USA",40.4784376,-74.753773,Somerset County
"Raritan Township, Hunterdon County, New Jersey","22,060","Raritan Township, Hunterdon County, New Jersey, 08822, USA",40.510522,-74.89952004,Hunterdon County
"North Plainfield, Somerset County, New Jersey","21,248","North Plainfield, Somerset County, New Jersey, USA",40.6301025,-74.4273743,Somerset County
"Montville, Morris County, New Jersey","22,323","Montville, Morris County, New Jersey, 07045, USA",40.9148209,-74.383763,Morris County
"Summit, Union County, New Jersey","22,274","Summit, Union County, New Jersey, USA",40.7182356,-74.3592296,Union County
"Hillside, Union County, New Jersey","21,368","Hillside, Union County, New Jersey, USA",40.701213,-74.2301459,Union County
"Jefferson Township, Morris County, New Jersey","21,976","Jefferson Township, Morris County, New Jersey, USA",40.99359485,-74.56260184,Morris County
"Roselle, Union County, New Jersey","22,783","Roselle, Union County, New Jersey, USA",40.6503925,-74.26088333,Union County
"Barnegat Township, Ocean County, New Jersey","20,540","Barnegat Township, Ocean County, New Jersey, USA",39.7634115,-74.27370114,Ocean County
"Moorestown, Burlington County, New Jersey","22,426","Moorestown, Burlington County, New Jersey, 08057, United States of America",39.9670569,-74.9426677,Burlington County
"Lyndhurst, Bergen County, New Jersey","20,015","Lyndhurst, Bergen County, New Jersey, USA",40.8120247,-74.1242816,Bergen County
"Hazlet, Monmouth County, New Jersey","20,732","Hazlet, Monmouth County, New Jersey, 07730, USA",40.4156635,-74.1909769,Monmouth County
"Pleasantville, Atlantic County, New Jersey","20,488","Pleasantville, Atlantic County, New Jersey, 08232, USA",39.3898388,-74.5240422,Atlantic County
"Millburn, Essex County, New Jersey","21,177","Millburn, Essex County, New Jersey, USA",40.7244443,-74.3069069,Essex County
"Little Egg Harbor Township, Ocean County, New Jersey","18,807","Little Egg Harbor Township, Ocean County, New Jersey, 08087, USA",39.635931,-74.35183816,Ocean County
"Sparta Township, Sussex County, New Jersey","20,988","Sparta, Sussex County, New Jersey, 07871, USA",41.0401567,-74.6310081,Sussex County
"Palisades Park, Bergen County, New Jersey","20,429","Palisades Park, Bergen County, New Jersey, 07650, USA",40.8481556,-73.997639,Bergen County
"Elmwood Park, Bergen County, New Jersey","18,821","Elmwood Park, Bergen County, New Jersey, 07407, USA",40.9039878,-74.118476,Bergen County
"Maple Shade Township, Burlington County, New Jersey","18,427","Maple Shade Township, Burlington County, New Jersey, 08052, USA",39.949994,-74.99431298,Burlington County
"Middle Township, Cape May County, New Jersey","19,101","Middle Township, Cape May County, New Jersey, USA",39.086816,-74.83156504,Cape May County
"Hawthorne, Passaic County, New Jersey","20,011","Hawthorne, Passaic County, New Jersey, USA",40.9492649,-74.1537549,Passaic County
"Glassboro, Gloucester County, New Jersey","18,726","Glassboro, Gloucester County, New Jersey, USA",39.7027677,-75.1119434,Gloucester County
"Washington Township, Morris County, New Jersey","19,037","Washington Township, Morris County, New Jersey, USA",40.78489145,-74.80733627,Morris County
"Morristown, Morris County, New Jersey","18,651","Morristown, Morris County, New Jersey, 07960, USA",40.7970384,-74.4809492,Morris County
"Point Pleasant, Ocean County, New Jersey","18,355","Point Pleasant, Ocean County, New Jersey, 08742, USA",40.0831714,-74.0681931,Ocean County
"Aberdeen Township, Monmouth County, New Jersey","18,232","Aberdeen Township, Monmouth County, New Jersey, USA",40.431703,-74.23219071,Monmouth County
"Dover, Morris County, New Jersey","18,782","Dover, Morris County, New Jersey, 07801, USA",40.883988,-74.5621025,Morris County
"Rutherford, Bergen County, New Jersey","17,789","Rutherford, Bergen County, New Jersey, 07070, USA",40.826489,-74.1068091,Bergen County
"Tinton Falls, Monmouth County, New Jersey","17,471","Tinton Falls, Monmouth County, New Jersey, USA",40.2890734,-74.0927967,Monmouth County
"Lindenwold, Camden County, New Jersey","17,998","Lindenwold, Camden County, New Jersey, USA",39.81812,-74.97996222,Camden County
"Dumont, Bergen County, New Jersey","18,265","Dumont, Bergen County, New Jersey, 07628, USA",40.9406541,-73.9968051,Bergen County
"Hopewell Township, Mercer County, New Jersey","16,623","Hopewell Township, Mercer County, New Jersey, USA",40.3500375,-74.79073718,Mercer County
"Delran Township, Burlington County, New Jersey","16,499","Delran Township, Burlington County, New Jersey, USA",40.0179845,-74.94348457,Burlington County
"Holmdel Township, Monmouth County, New Jersey","17,322","Holmdel Township, Monmouth County, New Jersey, 07733, USA",40.375658,-74.17592969,Monmouth County
"Wyckoff, Bergen County, New Jersey","16,941","Wyckoff, Bergen County, New Jersey, USA",41.0095417,-74.1729222,Bergen County
"Denville Township, Morris County, New Jersey","16,868","Denville Public Library, 121, Diamond Spring Road, Denville, Morris County, New Jersey, 07834, USA",40.8965247,-74.47343785,Morris County
"New Milford, Bergen County, New Jersey","20,215","New Milford, Bergen County, New Jersey, USA",40.9350986,-74.0190281,Bergen County
"Secaucus, Hudson County, New Jersey","17,001","Secaucus, Hudson County, New Jersey, USA",40.7899291,-74.0566735,Hudson County
"South Orange Village, Essex County, New Jersey","15,963","South Orange, Essex County, New Jersey, USA",40.7474966,-74.2635376,Essex County
"Readington Township, Hunterdon County, New Jersey","15,767","Readington Township, Hunterdon County, New Jersey, USA",40.585849,-74.7763426,Hunterdon County
"Asbury Park, Monmouth County, New Jersey","16,349","Asbury Park, Monmouth County, New Jersey, USA",40.2203907,-74.0120817,Monmouth County
"South River, Middlesex County, New Jersey","16,033","South River, Middlesex County, New Jersey, 08882, USA",40.446495,-74.3859831,Middlesex County
"Madison, Morris County, New Jersey","17,726","Madison, Morris County, New Jersey, USA",40.7598227,-74.417097,Morris County
"Springfield Township, Union County, New Jersey","16,495","Springfield, Union County, New Jersey, 07081, USA",40.698551,-74.33284776,Union County
"Cinnaminson Township, Burlington County, New Jersey","15,410","Cinnaminson Township, Burlington County, New Jersey, 08077, USA",40.0022415,-74.98820792,Burlington County
"Pequannock Township, Morris County, New Jersey","16,009","Pequannock Township, Morris County, New Jersey, USA",40.9627327,-74.30506993,Morris County
"North Arlington, Bergen County, New Jersey","16,029","North Arlington, Bergen County, New Jersey, 07031, USA",40.788434,-74.1331988,Bergen County
"Warren Township, Somerset County, New Jersey","15,026","Warren Township, Somerset County, New Jersey, USA",40.6306575,-74.52266908,Somerset County
"Mantua Township, Gloucester County, New Jersey","14,298","Mantua, Gloucester County, New Jersey, 08051, USA",39.7940026,-75.1721232,Gloucester County
"Hopatcong, Sussex County, New Jersey","14,459","Hopatcong, Sussex County, New Jersey, USA",40.9332051,-74.6600975,Sussex County
"Phillipsburg, Warren County, New Jersey","14,369","Phillipsburg, Warren County, New Jersey, 08865, USA",40.6937099,-75.1901761,Warren County
"Hammonton, Atlantic County, New Jersey","16,109","Hammonton, Atlantic County, New Jersey, 08037, USA",39.6365056,-74.8023853,Atlantic County
"Clark, Union County, New Jersey","14,706","145, Clark, Union County, New Jersey, 07066, USA",40.6233995,-74.3148279,Union County
"Haddon Township, Camden County, New Jersey","14,900","Haddon Township, Camden County, New Jersey, USA",39.907642,-75.05526392,Camden County
"Tenafly, Bergen County, New Jersey","15,242","Tenafly, Bergen County, New Jersey, 07670, USA",40.9253766,-73.9629154,Bergen County
"Ramsey, Bergen County, New Jersey","14,712","Ramsey, Bergen County, New Jersey, USA",41.0573188,-74.1409771,Bergen County
"Little Falls, Passaic County, New Jersey","14,164","Little Falls, Passaic County, New Jersey, USA",40.8689882,-74.2082011,Passaic County
"Highland Park, Middlesex County, New Jersey","14,027","Highland Park, Middlesex County, New Jersey, 08904, USA",40.4959379,-74.4243178,Middlesex County
"Collingswood, Camden County, New Jersey","14,537","Collingswood, Camden County, New Jersey, USA",39.9181686,-75.071284,Camden County
"Fairview, Bergen County, New Jersey","14,661","Fairview, Bergen County, New Jersey, USA",40.8126006,-73.999028,Bergen County
"Hanover Township, Morris County, New Jersey","14,169","Hanover Township, Morris County, New Jersey, USA",40.81817135,-74.43171616,Morris County
"Saddle Brook, Bergen County, New Jersey","14,757","Saddle Brook, Bergen County, New Jersey, 07663, USA",40.898988,-74.0926418,Bergen County
"Robbinsville Township, Mercer County, New Jersey","13,867","Robbinsville Township, Mercer County, New Jersey, USA",40.22382525,-74.58928429,Mercer County
"Middlesex, Middlesex County, New Jersey","17,643","Middlesex, Middlesex County, New Jersey, 08846, USA",40.5734911,-74.494037,Middlesex County
"Harrison, Hudson County, New Jersey","14,349","Harrison, Hudson County, New Jersey, 07029, USA",40.7464901,-74.1562551,Hudson County
"Metuchen, Middlesex County, New Jersey","12,907","Metuchen, Middlesex County, New Jersey, USA",40.5431598,-74.3632049,Middlesex County
"Clinton Township, Hunterdon County, New Jersey","12,499","Clinton Township, Hunterdon County, New Jersey, USA",40.63378,-74.8503141,Hunterdon County
"Pennsville Township, Salem County, New Jersey","13,608","Pennsville, Salem County, New Jersey, 08070, USA",39.6534464,-75.5165881,Salem County
"Verona, Essex County, New Jersey","13,821","Verona, Essex County, New Jersey, 07044, USA",40.829822,-74.2401466,Essex County
"Roselle Park, Union County, New Jersey","13,759","Roselle Park, Union County, New Jersey, 07204, USA",40.6642692,-74.2632022,Union County
"Berkeley Heights, Union County, New Jersey","13,224","Berkeley Heights, Union County, New Jersey, 07922, USA",40.6834349,-74.442653,Union County
"Oakland, Bergen County, New Jersey","13,154","Oakland, Bergen County, New Jersey, 07436, USA",41.0220483,-74.2430988,Bergen County
"Ridgefield Park, Bergen County, New Jersey","12,376","Ridgefield Park, Bergen County, New Jersey, 07660, USA",40.8570442,-74.0215285,Bergen County
"Eatontown, Monmouth County, New Jersey","12,290","Eatontown, Monmouth County, New Jersey, 07724, USA",40.2962222,-74.0509725,Monmouth County
"Lumberton Township, Burlington County, New Jersey","15,342","Lumberton Township, Burlington County, New Jersey, 08048, USA",39.9597485,-74.79695719,Burlington County
"Weehawken, Hudson County, New Jersey","13,015","Weehawken, Hudson County, New Jersey, 07086, USA",40.7695457,-74.0204177,Hudson County
"Cedar Grove, Essex County, New Jersey","11,893","Cedar Grove, Essex County, New Jersey, 07009, USA",40.8517662,-74.229035,Essex County
"Upper Township, Cape May County, New Jersey","31,822","Upper Township, Cape May County, New Jersey, USA",39.24543,-74.71420864,Cape May County
"Ringwood, Passaic County, New Jersey","12,454","Ringwood, Passaic County, New Jersey, 07456, USA",41.113429,-74.2454254,Passaic County
"Red Bank, Monmouth County, New Jersey","12,150","Red Bank, Monmouth County, New Jersey, USA",40.3470543,-74.0643065,Monmouth County
"New Providence, Union County, New Jersey","13,308","New Providence, Union County, New Jersey, 07974, USA",40.6984348,-74.4015405,Union County
"Florence Township, Burlington County, New Jersey","12,669","Florence Township, Burlington County, New Jersey, USA",40.0944185,-74.78483295,Burlington County
"Somerville, Somerset County, New Jersey","12,418","Somerville, Somerset County, New Jersey, USA",40.5742696,-74.60988,Somerset County
"Freehold Borough, Monmouth County, New Jersey","11,894","Freehold Borough, Monmouth County, New Jersey, USA",40.260151,-74.27566229,Monmouth County
"Hasbrouck Heights, Bergen County, New Jersey","12,277","Hasbrouck Heights, Bergen County, New Jersey, 07604, USA",40.8579293,-74.0816693,Bergen County
"Woodland Park, Passaic County, New Jersey","12,834","Woodland Park, Passaic County, New Jersey, 07424, USA",40.8893288,-74.1969657,Passaic County
"Ocean City, Cape May County, New Jersey","11,206","Ocean City, Cape May County, New Jersey, USA",39.2776156,-74.5746001,Cape May County
"Florham Park, Morris County, New Jersey","11,765","Florham Park, Morris County, New Jersey, 07932, USA",40.787878,-74.3882072,Morris County
"Glen Rock, Bergen County, New Jersey","12,045","Glen Rock, Bergen County, New Jersey, 07452, USA",40.9628758,-74.1329208,Bergen County
"Haddonfield, Camden County, New Jersey","11,435","Haddonfield, Camden County, New Jersey, USA",39.8915022,-75.0376707,Camden County
"Bellmawr, Camden County, New Jersey","11,489","Bellmawr, Camden County, New Jersey, 08031, USA",39.8676134,-75.0946183,Camden County
"Edgewater, Bergen County, New Jersey","12,368","Edgewater, Bergen County, New Jersey, 07020, USA",40.8270448,-73.975694,Bergen County
"Gloucester City, Camden County, New Jersey","11,342","Gloucester City, Camden County, New Jersey, 08030, USA",39.8918622,-75.1161897,Camden County
"Bordentown Township, Burlington County, New Jersey","12,202","Bordentown Township, Burlington County, New Jersey, 08505, USA",40.1486895,-74.69121585,Burlington County
"Wantage Township, Sussex County, New Jersey","10,934","Wantage, Sussex County, New Jersey, 07461, USA",41.2442617,-74.5507156,Sussex County
"River Edge, Bergen County, New Jersey","11,724","River Edge, Bergen County, New Jersey, 07661, USA",40.9287098,-74.0398622,Bergen County
"Wallington, Bergen County, New Jersey","11,781","Wallington, Bergen County, New Jersey, 07057, USA",40.8531553,-74.1137537,Bergen County
"Guttenberg, Hudson County, New Jersey","11,695","Guttenberg, Hudson County, New Jersey, USA",40.7920454,-74.0037505,Hudson County
"Wanaque, Passaic County, New Jersey","11,994","Wanaque, Passaic County, New Jersey, USA",41.0381526,-74.2940378,Passaic County
"Pompton Lakes, Passaic County, New Jersey","11,206","Pompton Lakes, Passaic County, New Jersey, USA",41.0053753,-74.2907042,Passaic County
"Beachwood, Ocean County, New Jersey","11,248","Beachwood, Ocean County, New Jersey, 08722, USA",39.939007,-74.1929188,Ocean County
"Ridgefield, Bergen County, New Jersey","11,435","Ridgefield, Bergen County, New Jersey, USA",40.8342669,-74.0087505,Bergen County
"Westwood, Bergen County, New Jersey","11,326","Westwood, Bergen County, New Jersey, USA",40.9912087,-74.0326395,Bergen County
"Totowa, Passaic County, New Jersey","10,817","Totowa, Passaic County, New Jersey, 07512, USA",40.9050988,-74.2098679,Passaic County
"Somers Point, Atlantic County, New Jersey","10,480","Somers Point, Atlantic County, New Jersey, 08244, USA",39.3176158,-74.594601,Atlantic County
"West Caldwell, Essex County, New Jersey","11,021","West Caldwell, Essex County, New Jersey, USA",40.8409329,-74.3018154,Essex County
"Ventnor City, Atlantic County, New Jersey","10,239","Ventnor City, Atlantic County, New Jersey, 08406, USA",39.3405045,-74.4773916,Atlantic County
"Waterford Township, Camden County, New Jersey","10,774","Waterford Township, Camden County, New Jersey, 08004, USA",39.7321715,-74.80109551,Camden County
"Little Ferry, Bergen County, New Jersey","11,000","Little Ferry, Bergen County, New Jersey, 07643, USA",40.8528777,-74.0420848,Bergen County
"Franklin Lakes, Bergen County, New Jersey","11,255","Franklin Lakes, Bergen County, New Jersey, 07417, USA",41.0167639,-74.2057012,Bergen County
"Millstone Township, Monmouth County, New Jersey","10,517","Millstone Township, Monmouth County, New Jersey, USA",40.2023684,-74.4079671,Monmouth County
"Lincoln Park, Morris County, New Jersey","10,468","Lincoln Park, Morris County, New Jersey, 07035, USA",40.9242652,-74.3020933,Morris County
"Southampton Township, Burlington County, New Jersey","10,205","Southampton Township, Burlington County, New Jersey, 08088, USA",39.9226305,-74.71865876,Burlington County
"Chatham Township, Morris County, New Jersey","10,435","Chatham Township, Morris County, New Jersey, USA",40.73012395,-74.42511146,Morris County
"Bound Brook, Somerset County, New Jersey","10,468","Bound Brook, Somerset County, New Jersey, 08805, USA",40.5684363,-74.5384889,Somerset County
"Manville, Somerset County, New Jersey","10,414","Manville, Somerset County, New Jersey, 08835, USA",40.5409367,-74.587657,Somerset County
"Kinnelon, Morris County, New Jersey","10,213","Kinnelon, Morris County, New Jersey, USA",41.0017644,-74.367096,Morris County
"Pine Hill, Camden County, New Jersey","10,536","Pine Hill, Camden County, New Jersey, USA",39.7842813,-74.9921108,Camden County
"Hillsdale, Bergen County, New Jersey","10,581","Hillsdale, Bergen County, New Jersey, USA",41.0025975,-74.0404175,Bergen County
"Woodbury, Gloucester County, New Jersey","9,919","Woodbury, Gloucester County, New Jersey, USA",39.8381691,-75.1526774,Gloucester County
"Colts Neck Township, Monmouth County, New Jersey","9,968","Colts Neck Township, Monmouth County, New Jersey, 07722, USA",40.2971915,-74.16597305,Monmouth County
"Keansburg, Monmouth County, New Jersey","9,806","Keansburg, Monmouth County, New Jersey, 07734, USA",40.4417743,-74.1298643,Monmouth County
"Burlington, Burlington County, New Jersey","9,832","Burlington, Burlington County, New Jersey, 08016, USA",40.0712218,-74.8648859,Burlington County
"Hackettstown, Warren County, New Jersey","9,554","Hackettstown, Warren County, New Jersey, 07840, USA",40.8539878,-74.8290556,Warren County
"River Vale, Bergen County, New Jersey","10,223","River Vale, Bergen County, New Jersey, 07675, USA",40.9953754,-74.0120832,Bergen County
"Waldwick, Bergen County, New Jersey","10,092","Waldwick, Bergen County, New Jersey, 07463, United States of America",41.0109281,-74.1182019,Bergen County
"Maywood, Bergen County, New Jersey","10,520","Maywood, Bergen County, New Jersey, 07607, USA",40.902599,-74.0618074,Bergen County
"Mount Holly, Burlington County, New Jersey","9,645","Mount Holly, Burlington County, New Jersey, 08060, USA",39.9928898,-74.7876624,Burlington County
"Brigantine, Atlantic County, New Jersey","8,963","Brigantine, Atlantic County, New Jersey, 08203, USA",39.4101171,-74.3645906,Atlantic County
"Pittsgrove Township, Salem County, New Jersey","8,864","Pittsgrove Township Middle School, Almond Road, Centerton, Salem County, New Jersey, 08318, USA",39.5256181,-75.1630334,Salem County
"Washington Township, Bergen County, New Jersey","9,393","Township of Washington, Bergen County, New Jersey, 07676, USA",40.9884843,-74.0652437,Bergen County
"Pitman, Gloucester County, New Jersey","8,846","Pitman, Gloucester County, New Jersey, 08071, USA",39.732892,-75.1315651,Gloucester County
"Chatham Borough, Morris County, New Jersey","8,928","Chatham Borough Police Department, 54, Fairmount Avenue, Chatham, Morris County, New Jersey, 07928, USA",40.738629,-74.3848339,Morris County
"Leonia, Bergen County, New Jersey","9,262","Leonia, Bergen County, New Jersey, 07605, USA",40.8617353,-73.9880495,Bergen County
"East Rutherford, Bergen County, New Jersey","9,928","East Rutherford, Bergen County, New Jersey, 07073, USA",40.833989,-74.0970865,Bergen County
"Edgewater Park, Burlington County, New Jersey","8,738","Edgewater Park, Burlington County, New Jersey, 08010, USA",40.0681666,-74.9007218,Burlington County
"Audubon, Camden County, New Jersey","8,733","Audubon, Camden County, New Jersey, 08106, USA",39.8909466,-75.0729504,Camden County
"Westampton Township, Burlington County, New Jersey","8,760","Friends Academy School of Westampton, Bridge Street, Willingboro Township, Burlington County, New Jersey, 08073, USA",40.0060418,-74.8670223,Burlington County
"Matawan, Monmouth County, New Jersey","8,869","Matawan, Monmouth County, New Jersey, NJ 07747, USA",40.41483,-74.2295891,Monmouth County
"Long Hill Township, Morris County, New Jersey","8,711","Long Hill Township, Morris County, New Jersey, USA",40.683393,-74.49043038,Morris County
"Park Ridge, Bergen County, New Jersey","8,944","Park Ridge, Bergen County, New Jersey, 07656, USA",41.0375969,-74.0406956,Bergen County
"South Amboy, Middlesex County, New Jersey","8,857","South Amboy, Middlesex County, New Jersey, USA",40.4782514,-74.2907363,Middlesex County
"Northfield, Atlantic County, New Jersey","8,360","Northfield, Atlantic County, New Jersey, 08225, USA",39.3703942,-74.5501546,Atlantic County
"Cresskill, Bergen County, New Jersey","8,935","Cresskill, Bergen County, New Jersey, 07626, USA",40.9414874,-73.9593041,Bergen County
"Mansfield Township, Burlington County, New Jersey","8,577","Mansfield Township, Burlington County, New Jersey, 08022, USA",40.089326,-74.71308221,Burlington County
"Runnemede, Camden County, New Jersey","8,390","Runnemede, Camden County, New Jersey, 08078, USA",39.8523358,-75.0679498,Camden County
"Plumsted Township, Ocean County, New Jersey","8,543","Plumsted Township, Ocean County, New Jersey, 08533, USA",40.049206,-74.49027799,Ocean County
"North Haledon, Passaic County, New Jersey","8,570","North Haledon, Passaic County, New Jersey, 07508, USA",40.9550981,-74.1859782,Passaic County
"Absecon, Atlantic County, New Jersey","8,283","Absecon, Atlantic County, New Jersey, 08201, USA",39.4284503,-74.4957076,Atlantic County
"Closter, Bergen County, New Jersey","8,766","Closter, Bergen County, New Jersey, 07624, USA",40.9731536,-73.9615262,Bergen County
"Byram Township, Sussex County, New Jersey","7,983","Byram Township Intermediate Elementary School, Mansfield Drive, Lockwood, Sussex County, New Jersey, 07874, USA",40.93534575,-74.70477555,Sussex County
"Boonton, Morris County, New Jersey","8,354","Boonton, Morris County, New Jersey, 07005, USA",40.9025989,-74.4070971,Morris County
"Ocean Township, Ocean County, New Jersey","9,049","Ocean Township, Ocean County, New Jersey, 08758, USA",39.791441,-74.2127865,Ocean County
"Haledon, Passaic County, New Jersey","8,463","Haledon, Passaic County, New Jersey, USA",40.935654,-74.186256,Passaic County
"Spotswood, Middlesex County, New Jersey","8,456","Spotswood, Middlesex County, New Jersey, 08884, USA",40.391774,-74.3984834,Middlesex County
"Hardyston Township, Sussex County, New Jersey","7,867","Hardyston Township, Hardistonville, Sussex County, New Jersey, 07419, USA",41.1397911,-74.5887017,Sussex County
"Upper Saddle River, Bergen County, New Jersey","8,415","Upper Saddle River, Bergen County, New Jersey, 07458, USA",41.0584299,-74.0984756,Bergen County
"Bogota, Bergen County, New Jersey","8,567","Bogota, Bergen County, New Jersey, 07603, USA",40.8762106,-74.0298621,Bergen County
"Clayton, Gloucester County, New Jersey","8,676","Clayton, Gloucester County, New Jersey, 08312, USA",39.6601148,-75.0921197,Gloucester County
"Bedminster, Somerset County, New Jersey","8,210","Bedminster, Somerset County, New Jersey, 07931, USA",40.680657,-74.6454373,Somerset County
"West Long Branch, Monmouth County, New Jersey","7,972","West Long Branch, Monmouth County, New Jersey, 07764, USA",40.2903891,-74.0176381,Monmouth County
"Riverside Township, Burlington County, New Jersey","7,899","Riverside Township, Burlington County, New Jersey, USA",40.03427155,-74.95342182,Burlington County
"Carneys Point Township, Salem County, New Jersey","7,702","Carneys Point, Salem County, New Jersey, 08069, USA",39.7112247,-75.4701961,Salem County
"Lopatcong Township, Warren County, New Jersey","8,348","Lopatcong Township Municipal Building, 232, South 3rd Street, Port Warren, Warren County, New Jersey, 08865, USA",40.7006213,-75.1717431,Warren County
"Newton, Sussex County, New Jersey","7,860","Newton, Sussex County, New Jersey, USA",41.0582103,-74.7530943,Sussex County
"Oradell, Bergen County, New Jersey","8,314","Oradell, Bergen County, New Jersey, 07649, USA",40.954368,-74.0310422,Bergen County
"Maurice River Township, Cumberland County, New Jersey","6,325","Maurice River, Cumberland County, New Jersey, 08349, USA",39.231781,-75.0287888,Cumberland County
"Kenilworth, Union County, New Jersey","8,312","Kenilworth, Union County, New Jersey, 07033, USA",40.6760225,-74.289262,Union County
"Montvale, Bergen County, New Jersey","8,724","Montvale, Bergen County, New Jersey, 07645, USA",41.0467635,-74.0229173,Bergen County
"Chester Township, Morris County, New Jersey","7,915","Chester Township, Morris County, New Jersey, USA",40.78028655,-74.66720906,Morris County
"Caldwell, Essex County, New Jersey","8,085","Caldwell, Essex County, New Jersey, 07007, USA",40.8398218,-74.2765366,Essex County
"Bernardsville, Somerset County, New Jersey","7,815","Bernardsville, Somerset County, New Jersey, 07924, USA",40.7186805,-74.5692273,Somerset County
"Chesterfield Township, Burlington County, New Jersey","7,587","Chesterfield Township, Burlington County, New Jersey, 08515, USA",40.112115,-74.65157121,Burlington County
"North Hanover Township, Burlington County, New Jersey","7,540","North Hanover Township, Burlington County, New Jersey, 08562, USA",40.08801,-74.58573131,Burlington County
"Bloomingdale, Passaic County, New Jersey","8,242","Bloomingdale, Passaic County, New Jersey, 07403, USA",41.002147,-74.3263326,Passaic County
"Wood-Ridge, Bergen County, New Jersey",9018,"Wood-Ridge, Bergen County, New Jersey, 07075, USA",40.8456555,-74.0879195,Bergen County
"Berlin, Camden County, New Jersey",7606,"Berlin, Camden County, New Jersey, USA",39.7912262,-74.9290536,Camden County
"Buena Vista Township, Atlantic County, New Jersey",7422,"Buena Vista Township, Atlantic County, New Jersey, USA",39.5061276,-74.9089602,Atlantic County
"Butler, Morris County, New Jersey",7774,"Butler, Morris County, New Jersey, USA",41.0037087,-74.3415394,Morris County
"Glen Ridge, Essex County, New Jersey",7704,"Glen Ridge, Essex County, New Jersey, 07028, USA",40.805378,-74.2037566,Essex County
"Haddon Heights, Camden County, New Jersey",7588,"Haddon Heights, Camden County, New Jersey, 08035, USA",39.8773356,-75.0646165,Camden County
"Fairfield Township, Essex County, New Jersey",7614,"Fairfield, Essex County, New Jersey, 07004, USA",40.8837102,-74.3059823,Essex County
"Emerson, Bergen County, New Jersey",7739,"Emerson, Bergen County, New Jersey, 07630, USA",40.976209,-74.0262505,Bergen County
"Palmyra, Burlington County, New Jersey",7221,"Palmyra, Burlington County, New Jersey, 08065, USA",40.0070565,-75.0282271,Burlington County
"New Hanover Township, Burlington County, New Jersey",7491,"New Hanover Township, Burlington County, New Jersey, USA",40.0230115,-74.57868627,Burlington County
"Fanwood, Union County, New Jersey",7808,"Fanwood, Union County, New Jersey, USA",40.6409041,-74.3836416,Union County
"Keyport, Monmouth County, New Jersey",7085,"Keyport, Monmouth County, New Jersey, 07735, USA",40.4331631,-74.1995883,Monmouth County
"Dunellen, Middlesex County, New Jersey",7407,"Dunellen, Middlesex County, New Jersey, USA",40.5892696,-74.4718201,Middlesex County
"Green Brook Township, Somerset County, New Jersey",7212,"Green Brook Township, Somerset County, New Jersey, 08812, USA",40.6074445,-74.47920014,Somerset County
"Midland Park, Bergen County, New Jersey",7384,"Midland Park, Bergen County, New Jersey, 07432, USA",40.9893112,-74.1401008,Bergen County
"Rumson, Monmouth County, New Jersey",6864,"Rumson, Monmouth County, New Jersey, USA",40.372054,-73.9990269,Monmouth County
"Linwood, Atlantic County, New Jersey",6855,"Linwood, Atlantic County, New Jersey, 08221, USA",39.3398404,-74.5751484,Atlantic County
"Stratford, Camden County, New Jersey",7015,"Stratford, Camden County, New Jersey, 08084, USA",39.8267807,-75.0154461,Camden County
"Barrington, Camden County, New Jersey",6781,"Barrington, Camden County, New Jersey, 08007, USA",39.8648357,-75.0551714,Camden County
"Tabernacle Township, Burlington County, New Jersey",6882,"Tabernacle Township, Burlington County, New Jersey, USA",39.813584,-74.65477999,Burlington County
"Upper Freehold Township, Monmouth County, New Jersey",6975,"Upper Freehold Township, Monmouth County, New Jersey, USA",40.149225,-74.52795921,Monmouth County
"Milltown, Middlesex County, New Jersey",7162,"Milltown, Middlesex County, New Jersey, USA",40.4562165,-74.4432073,Middlesex County
"Raritan, Somerset County, New Jersey",8011,"Raritan, Somerset County, New Jersey, 08869, USA",40.5695474,-74.6329363,Somerset County
"Mountainside, Union County, New Jersey",6982,"Mountainside, Union County, New Jersey, 07092, USA",40.6723242,-74.3573722,Union County
"Washington Township, Warren County, New Jersey",6461,"Washington, Warren County, New Jersey, 07882, USA",40.7584326,-74.9793378,Warren County
"Lebanon Township, Hunterdon County, New Jersey",6101,"Lebanon Township, Hunterdon County, New Jersey, 08826, USA",40.729147,-74.897122,Hunterdon County
"Wharton, Morris County, New Jersey",6571,"Wharton, Morris County, New Jersey, USA",40.8931546,-74.5818254,Morris County
"Allendale, Bergen County, New Jersey",6906,"Allendale, Bergen County, New Jersey, USA",41.0414858,-74.129032,Bergen County
"Shamong Township, Burlington County, New Jersey",6433,"Shamong Township, Burlington County, New Jersey, USA",39.8051271,-74.7057295,Burlington County
"Dennis Township, Cape May County, New Jersey",6253,"Dennis Township, Cape May County, New Jersey, USA",39.21249775,-74.88498261,Cape May County
"Washington, Warren County, New Jersey",6524,"Washington, Warren County, New Jersey, 07882, USA",40.7584326,-74.9793378,Warren County
"Rockaway, Morris County, New Jersey",6474,"Rockaway, Morris County, New Jersey, USA",40.9012101,-74.5143232,Morris County
"Margate City, Atlantic County, New Jersey",6083,"Margate City, Atlantic County, New Jersey, 08402, USA",39.327894,-74.5034858,Atlantic County
"Andover Township, Sussex County, New Jersey",5978,"Andover Township, 625, Limecrest Road, Andover, Sussex County, New Jersey, 07860, USA",41.029043,-74.71794774,Sussex County
"Union Beach, Monmouth County, New Jersey",5562,"Union Beach, Monmouth County, New Jersey, USA",40.4464962,-74.1781988,Monmouth County
"North Caldwell, Essex County, New Jersey",6730,"North Caldwell, Essex County, New Jersey, USA",40.8648215,-74.2582027,Essex County
"Mullica Township, Atlantic County, New Jersey",6022,"Mullica Township, Atlantic County, New Jersey, 08217, USA",39.5777443,-74.7172708,Atlantic County
"Carlstadt, Bergen County, New Jersey",6314,"Carlstadt, Bergen County, New Jersey, 07072, USA",40.8403778,-74.0906974,Bergen County
"Fair Haven, Monmouth County, New Jersey",5950,"Fair Haven, Monmouth County, New Jersey, 07704, USA",40.3606653,-74.0381947,Monmouth County
"Hainesport Township, Burlington County, New Jersey",6058,"Hainesport Township, Burlington County, New Jersey, USA",39.9711165,-74.83880904,Burlington County
"Paulsboro, Gloucester County, New Jersey",5920,"Paulsboro, Gloucester County, New Jersey, USA",39.830391,-75.2404608,Gloucester County
"Eastampton Township, Burlington County, New Jersey",5953,"Eastampton Township, Burlington County, New Jersey, USA",40.003452,-74.75344339,Burlington County
"Tewksbury Township, Hunterdon County, New Jersey",5844,"Tewksbury Township, Hunterdon County, New Jersey, USA",40.68446,-74.77872997,Hunterdon County
"Blairstown, Warren County, New Jersey",5808,"Blairstown, Warren County, New Jersey, 07825, USA",40.9828753,-74.9604501,Warren County
"Little Silver, Monmouth County, New Jersey",5908,"Little Silver, Monmouth County, New Jersey, 07739, USA",40.3367769,-74.0470837,Monmouth County
"Jamesburg, Middlesex County, New Jersey",6068,"Jamesburg, Middlesex County, New Jersey, USA",40.3526079,-74.4401513,Middlesex County
"Union Township, Hunterdon County, New Jersey",5543,"Union Township, Hunterdon County, New Jersey, USA",40.6319365,-74.98557079,Hunterdon County
"Manasquan, Monmouth County, New Jersey",5903,"Manasquan, Monmouth County, New Jersey, USA",40.126226,-74.049304,Monmouth County
"Mendham Township, Morris County, New Jersey",5845,"Mendham Township, Morris County, New Jersey, USA",40.77872315,-74.56430241,Morris County
"Prospect Park, Passaic County, New Jersey",5964,"Prospect Park, Passaic County, New Jersey, USA",40.9370428,-74.1743111,Passaic County
"Oceanport, Monmouth County, New Jersey",5755,"Oceanport, Monmouth County, New Jersey, USA",40.3181663,-74.0151382,Monmouth County
"Roseland, Essex County, New Jersey",5937,"Roseland, Essex County, New Jersey, 07068, USA",40.8206555,-74.2937595,Essex County
"Watchung, Somerset County, New Jersey",5985,"Watchung, Somerset County, New Jersey, 07069, United States of America",40.6378801,-74.4509863,Somerset County
"Belmar, Monmouth County, New Jersey",5682,"Belmar, Monmouth County, New Jersey, 07719:07720, USA",40.1784471,-74.0218037,Monmouth County
"Old Tappan, Bergen County, New Jersey",6042,"Old Tappan, Bergen County, New Jersey, USA",41.0106971,-73.9911073,Bergen County
"Woodcliff Lake, Bergen County, New Jersey",5903,"Woodcliff Lake, Bergen County, New Jersey, 07677, USA",41.0234304,-74.0665297,Bergen County
"Norwood, Bergen County, New Jersey",5895,"Norwood, Bergen County, New Jersey, USA",40.9981532,-73.9618039,Bergen County
"Morris Plains, Morris County, New Jersey",5581,"Morris Plains, Morris County, New Jersey, 07950, USA",40.8364845,-74.47818854,Morris County
"Rochelle Park, Bergen County, New Jersey",5705,"Rochelle Park, Bergen County, New Jersey, 07662, USA",40.9092993,-74.0733086,Bergen County
"Hightstown, Mercer County, New Jersey",5384,"Hightstown, Mercer County, New Jersey, 08520, USA",40.2695538,-74.5232089,Mercer County
"Berlin Township, Camden County, New Jersey",5580,"Berlin Township, Camden County, New Jersey, 08091, USA",39.802394,-74.92314243,Camden County
"Wildwood, Cape May County, New Jersey",5070,"Wildwood, Cape May County, New Jersey, 08260, USA",38.9917797,-74.8148894,Cape May County
"Holland Township, Hunterdon County, New Jersey",5151,"Holland Township, Hunterdon County, New Jersey, 08848, USA",40.59804705,-75.12384149,Hunterdon County
"Englewood Cliffs, Bergen County, New Jersey",5453,"Englewood Cliffs, Bergen County, New Jersey, 07632, USA",40.8853773,-73.9523597,Bergen County
"Somerdale, Camden County, New Jersey",5508,"Somerdale, Camden County, New Jersey, USA",39.8440027,-75.0226691,Camden County
"Penns Grove, Salem County, New Jersey",4831,"Penns Grove, Salem County, New Jersey, USA",39.7295581,-75.4679734,Salem County
"Salem, Salem County, New Jersey",4774,"Salem, Salem County, New Jersey, USA",39.5717796,-75.4671423,Salem County
"Mount Arlington, Morris County, New Jersey",5868,"Mount Arlington, Morris County, New Jersey, 07856, USA",40.9259319,-74.6348829,Morris County
"Franklin, Sussex County, New Jersey",4775,"Franklin, Sussex County, New Jersey, 07416, USA",41.1220409,-74.5804378,Sussex County
"Highlands, Monmouth County, New Jersey",4821,"Highlands, Monmouth County, New Jersey, 07732, USA",40.40372,-73.991527,Monmouth County
"Clementon, Camden County, New Jersey",4959,"Clementon, Camden County, New Jersey, 08021, USA",39.8115033,-74.9829443,Camden County
"Mendham Borough, Morris County, New Jersey",4978,"Mendham Post Office, Tempe Wick Road, Mendham Township, Morris County, New Jersey, 07945, United States of America",40.781343,-74.5885248,Morris County
"Alexandria Township, Hunterdon County, New Jersey",4805,"Alexandria Township, Hunterdon County, New Jersey, 08867, USA",40.591754,-75.01350455,Hunterdon County
"White Township, Warren County, New Jersey",4747,"White, Saxton Falls, Warren County, New Jersey, 07820, USA",40.9104476,-74.7828905,Warren County
"Demarest, Bergen County, New Jersey",5032,"Demarest, Bergen County, New Jersey, 07627, USA",40.9573205,-73.9634708,Bergen County
"Neptune City, Monmouth County, New Jersey",4708,"Neptune City, Monmouth County, New Jersey, USA",40.2001133,-74.0279152,Monmouth County
"Brielle, Monmouth County, New Jersey",4724,"Brielle, Monmouth County, New Jersey, USA",40.1078931,-74.0565263,Monmouth County
"Spring Lake Heights, Monmouth County, New Jersey",4618,"Spring Lake Heights, Monmouth County, New Jersey, 07762, USA",40.1532197,-74.0438803,Monmouth County
"Mount Ephraim, Camden County, New Jersey",4635,"Mount Ephraim, Camden County, New Jersey, 08059, USA",39.8784466,-75.0926738,Camden County
"Point Pleasant Beach, Ocean County, New Jersey",4544,"Point Pleasant Beach, Ocean County, New Jersey, USA",40.0916529,-74.0480188,Ocean County
"Harrington Park, Bergen County, New Jersey",4846,"Harrington Park, Bergen County, New Jersey, 07640, USA",40.9837089,-73.9798601,Bergen County
"Northvale, Bergen County, New Jersey",4985,"Northvale, Bergen County, New Jersey, 07647, USA",41.0066649,-73.9490627,Bergen County
"Buena, Atlantic County, New Jersey",4429,"Buena, Atlantic County, New Jersey, USA",39.5321975,-74.94273723,Atlantic County
"Flemington, Hunterdon County, New Jersey",4621,"Flemington, Hunterdon County, New Jersey, USA",40.5130953,-74.8591333,Hunterdon County
"Delaware Township, Hunterdon County, New Jersey",4474,"Delaware Township, Hunterdon County, New Jersey, USA",40.4482545,-74.94148642,Hunterdon County
"South Bound Brook, Somerset County, New Jersey",4657,"South Bound Brook, Somerset County, New Jersey, 08880, USA",40.5534365,-74.531544,Somerset County
"Atlantic Highlands, Monmouth County, New Jersey",4311,"Atlantic Highlands, Monmouth County, New Jersey, 07716, USA",40.4078865,-74.034306,Monmouth County
"Magnolia, Camden County, New Jersey",4303,"Magnolia, Camden County, New Jersey, 08049, USA",39.8545581,-75.0390591,Camden County
"Allamuchy Township, Warren County, New Jersey",4644,"Allamuchy, Warren County, New Jersey, 07820, USA",40.921765,-74.8101665,Warren County
"Bradley Beach, Monmouth County, New Jersey",4225,"Bradley Beach, Monmouth County, New Jersey, 07720, USA",40.2023355,-74.0120814,Monmouth County
"Westville, Gloucester County, New Jersey",4194,"Westville, Gloucester County, New Jersey, USA",39.8700552,-75.1265177,Gloucester County
"Delanco Township, Burlington County, New Jersey",4479,"Delanco Township, Burlington County, New Jersey, USA",40.04830395,-74.95283244,Burlington County
"Boonton Township, Morris County, New Jersey",4350,"Boonton Township, Morris County, New Jersey, USA",40.9304681,-74.42844513,Morris County
"Egg Harbor City, Atlantic County, New Jersey",4174,"Egg Harbor City, Atlantic County, New Jersey, USA",39.5287282,-74.6479364,Atlantic County
"Garwood, Union County, New Jersey",4408,"Garwood, Union County, New Jersey, 07027, USA",40.6517692,-74.3229264,Union County
"Mountain Lakes, Morris County, New Jersey",4345,"Mountain Lakes, Morris County, New Jersey, 07046, USA",40.8948212,-74.4329314,Morris County
"Medford Lakes, Burlington County, New Jersey",4013,"Medford Lakes, Burlington County, New Jersey, USA",39.85825,-74.79458637,Burlington County
"Stillwater Township, Sussex County, New Jersey",3920,"Stillwater, Sussex County, New Jersey, 07855, USA",41.0359303,-74.878225,Sussex County
"Ho-Ho-Kus, Bergen County, New Jersey",4183,"Ho-Ho-Kus, Bergen County, New Jersey, United States of America",40.9976524,-74.110284,Bergen County
"North Wildwood, Cape May County, New Jersey",3843,"North Wildwood, Cape May County, New Jersey, USA",39.0006686,-74.799333,Cape May County
"Oaklyn, Camden County, New Jersey",3996,"Oaklyn, Camden County, New Jersey, USA",39.9009465,-75.0846179,Camden County
"Pilesgrove Township, Salem County, New Jersey",3993,"Pilesgrove Township, 1180, Harding Highway, Union Grove, Salem County, New Jersey, 08098, United States of America",39.6482467,-75.3082063,Salem County
"East Amwell Township, Hunterdon County, New Jersey",3925,"East Amwell Township, Hunterdon County, New Jersey, 08551, USA",40.434946,-74.83010115,Hunterdon County
"Bethlehem Township, Hunterdon County, New Jersey",3888,"Bethlehem Township, Hunterdon County, New Jersey, USA",40.66859885,-75.01027786,Hunterdon County
"Bordentown, Burlington County, New Jersey",3835,"Bordentown, Burlington County, New Jersey, 08505, USA",40.1462213,-74.7118264,Burlington County
"Lambertville, Hunterdon County, New Jersey",3824,"Lambertville, Hunterdon County, New Jersey, 08530:18938, USA",40.3659394,-74.9429448,Hunterdon County
"Cranbury, Middlesex County, New Jersey",3944,"Cranbury, Middlesex County, New Jersey, 08512, USA",40.3162195,-74.5137645,Middlesex County
"Montague Township, Sussex County, New Jersey",3695,"Montague, Sussex County, New Jersey, 07892, USA",41.3031498,-74.7934993,Sussex County
"Kingwood Township, Hunterdon County, New Jersey",3752,"Kingwood Township, Hunterdon County, New Jersey, 08825, USA",40.48650505,-75.01629063,Hunterdon County
"West Amwell Township, Hunterdon County, New Jersey",2767,"West Amwell Township, Hunterdon County, New Jersey, 08530, USA",40.3821838,-74.88720903,Hunterdon County
"Harding Township, Morris County, New Jersey",3873,"Harding Township, Morris County, New Jersey, 07976, USA",40.743647,-74.50209229,Morris County
"Merchantville, Camden County, New Jersey",3770,"Merchantville, Camden County, New Jersey, 08109, USA",39.951634,-75.04876271,Camden County
"Shrewsbury, Monmouth County, New Jersey",4122,"Shrewsbury, Monmouth County, New Jersey, USA",40.3295547,-74.0615285,Monmouth County
"South Toms River, Ocean County, New Jersey",3772,"South Toms River, Ocean County, New Jersey, USA",39.9420625,-74.2043082,Ocean County
"Mine Hill Township, Morris County, New Jersey",3593,"Mine Hill, Morris County, New Jersey, 07803, USA",40.8778769,-74.5937701,Morris County
"High Bridge, Hunterdon County, New Jersey",3542,"High Bridge, Hunterdon County, New Jersey, 08829, USA",40.6670454,-74.8957231,Hunterdon County
"Stanhope, Sussex County, New Jersey",3341,"Stanhope, Sussex County, New Jersey, 07874, USA",40.9028765,-74.7090517,Sussex County
"Cape May, Cape May County, New Jersey",3480,"Cape May, Cape May County, New Jersey, 18204, USA",38.9351126,-74.9060053,Cape May County
"Green Township, Sussex County, New Jersey",3486,"Green, Jefferson Township, Morris County, New Jersey, USA",41.0142927,-74.5832576,Morris County
"Riverdale, Morris County, New Jersey",4247,"Riverdale, Morris County, New Jersey, 07457, USA",40.9939865,-74.3034824,Morris County
"Woodstown, Salem County, New Jersey",3454,"Woodstown, Salem County, New Jersey, 08098, USA",39.6515027,-75.3282454,Salem County
"Alloway Township, Salem County, New Jersey",3327,"Alloway, Salem County, New Jersey, 08001, USA",39.5609644,-75.3624361,Salem County
"Fredon Township, Sussex County, New Jersey",3196,"Fredon, Sussex County, New Jersey, 07860, USA",41.0392638,-74.8087781,Sussex County
"Springfield Township, Burlington County, New Jersey",3295,"Springfield Township, Burlington County, New Jersey, USA",40.034569,-74.70634047,Burlington County
"Haworth, Bergen County, New Jersey",3497,"Haworth, Bergen County, New Jersey, 07641, USA",40.9609315,-73.9901383,Bergen County
"Tuckerton, Ocean County, New Jersey",3372,"Tuckerton, Ocean County, New Jersey, USA",39.5960075,-74.32971066,Ocean County
"Pohatcong Township, Warren County, New Jersey",3231,"Pohatcong Drive, Petersburg, Warren County, New Jersey, 07840, USA",40.850252,-74.863812,Warren County
"Monmouth Beach, Monmouth County, New Jersey",3236,"Monmouth Beach, Monmouth County, New Jersey, 07750, USA",40.3303883,-73.9815262,Monmouth County
"Hamburg, Sussex County, New Jersey",3132,"Hamburg, Sussex County, New Jersey, 07419, USA",41.1534294,-74.5762713,Sussex County
"Wildwood Crest, Cape May County, New Jersey",3137,"Wildwood Crest, Cape May County, New Jersey, USA",38.9748351,-74.8335015,Cape May County
"Netcong, Morris County, New Jersey",3229,"Netcong, Morris County, New Jersey, 07857, USA",40.8989877,-74.7065516,Morris County
"Franklin Township, Hunterdon County, New Jersey",3232,"Franklin Township, Hunterdon County, New Jersey, USA",40.567858,-74.9311225,Hunterdon County
"Saddle River, Bergen County, New Jersey",3262,"Saddle River, Bergen County, New Jersey, United States of America",41.0317637,-74.1020866,Bergen County
"Deerfield Township, Cumberland County, New Jersey",3057,"Deerfield, Cumberland County, New Jersey, 08313, USA",39.5237259,-75.2360204,Cumberland County
"Knowlton Township, Warren County, New Jersey",2996,"Knowlton, Warren County, New Jersey, 07832, USA",40.9303752,-75.027952,Warren County
"Woodbury Heights, Gloucester County, New Jersey",2972,"Woodbury Heights, Gloucester County, New Jersey, 08097, USA",39.817058,-75.1551776,Gloucester County
"Long Beach Township, Ocean County, New Jersey",3065,"Long Beach Township, Ocean County, New Jersey, 08008, USA",39.60611185,-74.22924262,Ocean County
"National Park, Gloucester County, New Jersey",2985,"National Park, Gloucester County, New Jersey, 08063, USA",39.865968,-75.1796351,Gloucester County
"Spring Lake, Monmouth County, New Jersey",2962,"Spring Lake, Monmouth County, New Jersey, USA",40.1535132,-74.0293941,Monmouth County
"Woodlynne, Camden County, New Jersey",2947,"Woodlynne, Camden County, New Jersey, USA",39.917188,-75.09609484,Camden County
"Lawnside, Camden County, New Jersey",2920,"Lawnside, Camden County, New Jersey, USA",39.8665025,-75.0282253,Camden County
"Seaside Heights, Ocean County, New Jersey",2903,"Seaside Heights, Ocean County, New Jersey, USA",39.9467383,-74.0727327,Ocean County
"Riverton, Burlington County, New Jersey",2706,"Riverton, Burlington County, New Jersey, USA",40.0115009,-75.0148931,Burlington County
"Clinton, Hunterdon County, New Jersey",2701,"Clinton, Hunterdon County, New Jersey, 08809, USA",40.6362878,-74.9116603,Hunterdon County
"Weymouth Township, Atlantic County, New Jersey",2820,"Weymouth Township, Atlantic County, New Jersey, 08317, USA",39.4106755,-74.82513683,Atlantic County
"Moonachie, Bergen County, New Jersey",2800,"Moonachie, Bergen County, New Jersey, 07074, USA",40.8412112,-74.0451405,Bergen County
"Belvidere, Warren County, New Jersey",2603,"Belvidere, Warren County, New Jersey, USA",40.82982,-75.0776747,Warren County
"Harmony Township, Warren County, New Jersey",2520,"Harmony, Warren County, New Jersey, USA",40.746765,-75.1373974,Warren County
"Quinton Township, Salem County, New Jersey",2489,"Quinton, Salem County, New Jersey, 08072, USA",39.5459466,-75.4124178,Salem County
"Lakehurst, Ocean County, New Jersey",2697,"Lakehurst, Ocean County, New Jersey, USA",40.014561,-74.3112574,Ocean County
"Pennington, Mercer County, New Jersey",2589,"Pennington, Mercer County, New Jersey, USA",40.3284403,-74.790718,Mercer County
"Swedesboro, Gloucester County, New Jersey",2594,"Swedesboro, Gloucester County, New Jersey, USA",39.7476136,-75.3104654,Gloucester County
"Peapack and Gladstone, Somerset County, New Jersey",2610,"Peapack-Gladstone, Somerset County, New Jersey, USA",40.717783,-74.65885196,Somerset County
"Beverly, Burlington County, New Jersey",2504,"Beverly, Burlington County, New Jersey, USA",40.0653889,-74.9190558,Burlington County
"Lafayette Township, Sussex County, New Jersey",2404,"Lafayette, Sussex County, New Jersey, 07848, USA",41.0984301,-74.6884965,Sussex County
"Oxford Township, Warren County, New Jersey",2454,"Oxford, Warren County, New Jersey, 07863, USA",40.8031545,-74.9896163,Warren County
"Woodbine, Cape May County, New Jersey",2461,"Woodbine, Cape May County, New Jersey, 08270, USA",39.2417813,-74.8151667,Cape May County
"Ogdensburg, Sussex County, New Jersey",2282,"Ogdensburg, Sussex County, New Jersey, 07439, USA",41.0817636,-74.5923824,Sussex County
"East Newark, Hudson County, New Jersey",2735,"East Newark, Hudson County, New Jersey, USA",40.7501076,-74.1611525,Hudson County
"South Hackensack, Bergen County, New Jersey",2492,"South Hackensack, Bergen County, New Jersey, 07606, USA",40.8698546,-74.0500662,Bergen County
"Alpha, Warren County, New Jersey",2297,"Alpha, Warren County, New Jersey, USA",40.6670439,-75.1573972,Warren County
"Wenonah, Gloucester County, New Jersey",2239,"Wenonah, Gloucester County, New Jersey, 08090, USA",39.7946263,-75.148766,Gloucester County
"Gibbsboro, Camden County, New Jersey",2247,"Gibbsboro, Camden County, New Jersey, USA",39.8381698,-74.9648887,Camden County
"Frelinghuysen Township, Warren County, New Jersey",2200,"Frelinghuysen Township Municipal Building, Dark Moon Road, Johnsonburg, Warren County, New Jersey, 07846, USA",40.9664867,-74.874058,Warren County
"Helmetta, Middlesex County, New Jersey",2223,"Helmetta, Middlesex County, New Jersey, 08828, USA",40.3767741,-74.4245953,Middlesex County
"Sussex, Sussex County, New Jersey",2024,"Sussex, Sussex County, New Jersey, 10985, USA",41.2098177,-74.6076614,Sussex County
"Pine Beach, Ocean County, New Jersey",2168,"Pine Beach, Ocean County, New Jersey, 08741, USA",39.9359515,-74.1709735,Ocean County
"Sea Isle City, Cape May County, New Jersey",2068,"Sea Isle City, Cape May County, New Jersey, 08243, USA",39.1548404,-74.6897791,Cape May County
"Essex Fells, Essex County, New Jersey",2137,"Essex Fells, Essex County, New Jersey, 07021, USA",40.8245442,-74.2845925,Essex County
"Ocean Gate, Ocean County, New Jersey",2021,"Ocean Gate, Ocean County, New Jersey, 08740, USA",39.9267851,-74.1337496,Ocean County
"Brooklawn, Camden County, New Jersey",1934,"Brooklawn, Camden County, New Jersey, USA",39.8781689,-75.120731,Camden County
"Hope Township, Warren County, New Jersey",1890,"Hope, Warren County, New Jersey, 07844, USA",40.9112092,-74.9673943,Warren County
"Hopewell, Mercer County, New Jersey",1948,"Hopewell, Mercer County, New Jersey, USA",40.3892726,-74.7618285,Mercer County
"Laurel Springs, Camden County, New Jersey",1886,"Laurel Springs, Camden County, New Jersey, USA",39.8201141,-75.0062788,Camden County
"Avon-by-the-Sea, Monmouth County, New Jersey",1794,"Avon-by-the-Sea, Monmouth County, New Jersey, 07717, USA",40.1923357,-74.0159703,Monmouth County
"Folsom, Atlantic County, New Jersey",1815,"Folsom, Atlantic County, New Jersey, USA",39.6020608,-74.8426653,Atlantic County
"Lavallette, Ocean County, New Jersey",1849,"Lavallette, Ocean County, New Jersey, USA",39.9703958,-74.0687475,Ocean County
"Alpine, Bergen County, New Jersey",1890,"Alpine, Bergen County, New Jersey, 07620, USA",40.94855,-73.9281139,Bergen County
"Englishtown, Monmouth County, New Jersey",1943,"Englishtown, Monmouth County, New Jersey, USA",40.2973319,-74.3582041,Monmouth County
"Allentown, Monmouth County, New Jersey",1811,"Allentown, Monmouth County, New Jersey, USA",40.1778887,-74.5834887,Monmouth County
"Sea Girt, Monmouth County, New Jersey",1774,"Sea Girt, Monmouth County, New Jersey, 08750, USA",40.1320592,-74.0345813,Monmouth County
"Woodland Township, Burlington County, New Jersey",1775,"Woodland Township, Burlington County, New Jersey, 08019, USA",39.842075,-74.52305759,Burlington County
"Oldmans Township, Salem County, New Jersey",1792,"Oldmans, Salem County, New Jersey, 08067, USA",39.7567804,-75.4301937,Salem County
"Lake Como, Monmouth County, New Jersey",1717,"Lake Como, Monmouth County, New Jersey, USA",40.1709472,-74.0273594,Monmouth County
"Estell Manor, Atlantic County, New Jersey",1720,"Estell Manor, Atlantic County, New Jersey, 08319, USA",39.4120603,-74.7423855,Atlantic County
"Glen Gardner, Hunterdon County, New Jersey",1924,"Glen Gardner, Hunterdon County, New Jersey, USA",40.6967671,-74.9407248,Hunterdon County
"Hardwick Township, Warren County, New Jersey",1643,"Hardwick, Warren County, New Jersey, USA",41.054541,-74.9321157,Warren County
"Island Heights, Ocean County, New Jersey",1667,"Island Heights, Ocean County, New Jersey, 08732, USA",39.9420626,-74.1498616,Ocean County
"Chester Borough, Morris County, New Jersey",1665,"Chester Post Office, Main Street, Chester, Morris County, New Jersey, 07930, USA",40.7879186,-74.68399666,Morris County
"Chesilhurst, Camden County, New Jersey",1639,"Chesilhurst, Camden County, New Jersey, USA",39.7323384,-74.8809966,Camden County
"Eagleswood Township, Ocean County, New Jersey",1611,"Eagleswood Township, Ocean County, New Jersey, 08092, USA",39.652588,-74.28895376,Ocean County
"Downe Township, Cumberland County, New Jersey",1524,"Downe Township Elementary School, Main Street, Watsons Corner, Cumberland County, New Jersey, 08311, USA",39.2970874,-75.1652675,Cumberland County
"Seaside Park, Ocean County, New Jersey",1549,"Seaside Park, Ocean County, New Jersey, 08752, USA",39.9267808,-74.0763847,Ocean County
"Newfield, Gloucester County, New Jersey",1561,"Newfield, Gloucester County, New Jersey, 08344, USA",39.5465044,-75.0248964,Gloucester County
"Victory Gardens, Morris County, New Jersey",1516,"Victory Gardens, Morris County, New Jersey, USA",40.8759325,-74.5423796,Morris County
"Winfield Township, Union County, New Jersey",1528,"Winfield, Union County, New Jersey, USA",40.6350591,-74.2894633,Union County
"Bass River Township, Burlington County, New Jersey",1436,"Bass River Township, Burlington County, New Jersey, 08224, USA",39.6570865,-74.45918646,Burlington County
"Sea Bright, Monmouth County, New Jersey",1389,"Sea Bright, Monmouth County, New Jersey, NJ 07086, USA",40.3615488,-73.9742051,Monmouth County
"Pemberton, Burlington County, New Jersey",1340,"Pemberton, Burlington County, New Jersey, USA",39.971561,-74.68521591,Burlington County
"Hampton, Hunterdon County, New Jersey",1331,"Hampton, Hunterdon County, New Jersey, USA",40.7070446,-74.9560032,Hunterdon County
"Elmer, Salem County, New Jersey",1312,"Elmer, Salem County, New Jersey, USA",39.594247,-75.1681997,Salem County
"Frenchtown, Hunterdon County, New Jersey",1366,"Frenchtown, Hunterdon County, New Jersey, USA",40.5262138,-75.06156,Hunterdon County
"Lebanon, Hunterdon County, New Jersey",1669,"Lebanon, Hunterdon County, New Jersey, USA",40.6417683,-74.8359987,Hunterdon County
"Avalon, Cape May County, New Jersey",1267,"Avalon, Cape May County, New Jersey, 08202, USA",39.101225,-74.7176622,Cape May County
"Farmingdale, Monmouth County, New Jersey",1298,"Farmingdale, Monmouth County, New Jersey, USA",40.1965018,-74.1684757,Monmouth County
"Milford, Hunterdon County, New Jersey",1189,"Milford, Hunterdon County, New Jersey, USA",40.5687128,-75.0946169,Hunterdon County
"Surf City, Ocean County, New Jersey",1187,"Surf City, Ocean County, New Jersey, United States of America",39.6587349,-74.168292,Ocean County
"Beach Haven, Ocean County, New Jersey",1182,"Beach Haven, Ocean County, New Jersey, USA",39.5628787,-74.2403853,Ocean County
"Ship Bottom, Ocean County, New Jersey",1143,"Ship Bottom, Ocean County, New Jersey, USA",39.642897,-74.180416,Ocean County
"Shrewsbury Township, Monmouth County, New Jersey",1010,"Shrewsbury Township, Monmouth County, New Jersey, USA",40.3120839,-74.0732274,Monmouth County
"Port Republic, Atlantic County, New Jersey",1080,"Port Republic, Atlantic County, New Jersey, USA",39.5206733,-74.485707,Atlantic County
"Califon, Hunterdon County, New Jersey",1068,"Califon, Hunterdon County, New Jersey, USA",40.7195448,-74.8357215,Hunterdon County
"West Cape May, Cape May County, New Jersey",1015,"West Cape May, Cape May County, New Jersey, USA",38.9387236,-74.9418404,Cape May County
"Audubon Park, Camden County, New Jersey",1012,"Audubon Park, Camden County, New Jersey, USA",39.8965021,-75.0876736,Camden County
"Bay Head, Ocean County, New Jersey",981,"Bay Head, Ocean County, New Jersey, NJ 08742, USA",40.0717828,-74.0543036,Ocean County
"Far Hills, Somerset County, New Jersey",927,"Far Hills, Somerset County, New Jersey, USA",40.684268,-74.6357148,Somerset County
"Longport, Atlantic County, New Jersey",876,"Longport, Atlantic County, New Jersey, 08403, USA",39.3142827,-74.5248756,Atlantic County
"Roosevelt, Monmouth County, New Jersey",854,"Roosevelt, Monmouth County, New Jersey, 08555, USA",40.2201108,-74.4732073,Monmouth County
"Bloomsbury, Hunterdon County, New Jersey",867,"Bloomsbury, Hunterdon County, New Jersey, USA",40.6539892,-75.0865619,Hunterdon County
"Hi-Nella, Camden County, New Jersey",846,"Hi-Nella, Camden County, New Jersey, USA",39.8356695,-75.0243357,Camden County
"Stone Harbor, Cape May County, New Jersey",822,"Stone Harbor, Cape May County, New Jersey, 08247, USA",39.0509468,-74.7579418,Cape May County
"Branchville, Sussex County, New Jersey",783,"Branchville, Sussex County, New Jersey, USA",41.1464852,-74.7523874,Sussex County
"Interlaken, Monmouth County, New Jersey",801,"Interlaken, Monmouth County, New Jersey, 07711, USA",40.2334459,-74.015693,Monmouth County
"Greenwich Township, Cumberland County, New Jersey",771,"Greenwich, Cumberland County, New Jersey, 08323, USA",39.3898359,-75.3385267,Cumberland County
"Wrightstown, Burlington County, New Jersey",785,"Wrightstown, Burlington County, New Jersey, USA",40.0362241,-74.6179344,Burlington County
"Deal, Monmouth County, New Jersey",733,"Deal, Monmouth County, New Jersey, 07723, USA",40.243168,-74.0006927,Monmouth County
"Washington Township, Burlington County, New Jersey",710,"Washington Township, Burlington County, New Jersey, USA",39.6625625,-74.59161235,Burlington County
"Rocky Hill, Somerset County, New Jersey",688,"Rocky Hill, Somerset County, New Jersey, 08553, USA",40.3998283,-74.6343244,Somerset County
"Andover, Sussex County, New Jersey",567,"Andover, Sussex County, New Jersey, USA",40.9859311,-74.7421089,Sussex County
"West Wildwood, Cape May County, New Jersey",566,"West Wildwood, Cape May County, New Jersey, USA",39.0023352,-74.8243343,Cape May County
"Barnegat Light, Ocean County, New Jersey",587,"Barnegat Light, Ocean County, New Jersey, 08006, USA",39.7576202,-74.1062466,Ocean County
"Fieldsboro, Burlington County, New Jersey",531,"Fieldsboro, Burlington County, New Jersey, USA",40.1364991,-74.7287714,Burlington County
"Stockton, Hunterdon County, New Jersey",520,"Stockton, Hunterdon County, New Jersey, 08559:18938, USA",40.407883,-74.9782238,Hunterdon County
"Rockleigh, Bergen County, New Jersey",534,"Rockleigh, Bergen County, New Jersey, USA",41.0003754,-73.9304141,Bergen County
"Shiloh, Cumberland County, New Jersey",497,"Shiloh, Cumberland County, New Jersey, 08353, USA",39.4590032,-75.2990798,Cumberland County
"Allenhurst, Monmouth County, New Jersey",489,"Allenhurst, Monmouth County, New Jersey, USA",40.2362237,-74.0006926,Monmouth County
"Corbin City, Atlantic County, New Jersey",500,"Corbin City, Atlantic County, New Jersey, USA",39.3034484,-74.7557193,Atlantic County
"Millstone, Somerset County, New Jersey",420,"Millstone, Somerset County, New Jersey, USA",40.4992707,-74.5887679,Somerset County
"Harvey Cedars, Ocean County, New Jersey",342,"Harvey Cedars, Ocean County, New Jersey, USA",39.706231,-74.1340253,Ocean County
"Mantoloking, Ocean County, New Jersey",257,"Mantoloking, Ocean County, New Jersey, USA",40.0393597,-74.0505306,Ocean County
"Cape May Point, Cape May County, New Jersey",279,"Cape May Point, Cape May County, New Jersey, 08212, USA",38.9342875,-74.96988753,Cape May County
"Loch Arbour, Monmouth County, New Jersey",183,"Loch Arbour, Monmouth County, New Jersey, USA",40.2328904,-74.0009703,Monmouth County
"Teterboro, Bergen County, New Jersey",69,"Teterboro, Bergen County, New Jersey, 07608, USA",40.8598219,-74.0593075,Bergen County
"Walpack Township, Sussex County, New Jersey",11,"Walpack-Flatbrook Road, Flatbrookville, Sussex County, New Jersey, USA",41.1050592,-74.9559875,Sussex County
"Pine Valley, Camden County, New Jersey",11,"Pine Valley, Camden County, New Jersey, USA",39.7856704,-74.975166,Camden County
"Tavistock, Camden County, New Jersey",5,"Tavistock, Camden County, New Jersey, USA",39.8762246,-75.0296144,Camden County
